path,scientific_name,group,license,creator,rights_holder,occurrence_id,publisher,image_url
/content/drive/MyDrive/terra-gbif-full/images/dcf2e9d2ff429e04af238c59ebc3165d38b8d576bb2bbdf8d26f776a3150142c.jpg,Cyanistes caeruleus,animals,CC-BY-4.0,luluchouette,luluchouette,5938030041,28eb1a3f-1c15-4a95-931a-4af90ecb574d,https://inaturalist-open-data.s3.amazonaws.com/photos/605616752/original.jpg
/content/drive/MyDrive/terra-gbif-full/images/59bb40eb31f4bbe00885a894f5c08fd3310f09a65b31882dafb90730a7bffdb8.jpg,Cyanistes caeruleus,animals,CC-BY-4.0,Антон Лабачоў,Антон Лабачоў,5938041577,28eb1a3f-1c15-4a95-931a-4af90ecb574d,https://inaturalist-open-data.s3.amazonaws.com/photos/604694146/original.jpg
/content/drive/MyDrive/terra-gbif-full/images/3591c7a90a5341ad30d799ed775f797542eadc4fc701f158c427ca52ef73dc5d.jpg,Cyanistes caeruleus,animals,CC-BY-4.0,S. Menéndez,S. Menéndez,5938046599,28eb1a3f-1c15-4a95-931a-4af90ecb574d,https://inaturalist-open-data.s3.amazonaws.com/photos/604568786/original.jpg
/content/drive/MyDrive/terra-gbif-full/images/35c143d43eadeed9d5333ce793422d2cfbb0b5b54dc6e2447ed0393064f20a64.jpg,Cyanistes caeruleus,animals,CC-BY-4.0,Daniel Ghyselinck,Daniel Ghyselinck,5938053392,28eb1a3f-1c15-4a95-931a-4af90ecb574d,https://inaturalist-open-data.s3.amazonaws.com/photos/605316506/original.jpg
/content/drive/MyDrive/terra-gbif-full/images/fee02610a42ad5bce34db1ac06b66bedfde817eeae51014a6d96322619c73b28.jpg,Cyanistes caeruleus,animals,CC0-1.0,Sara Scorey,Sara Scorey,5938053934,28eb1a3f-1c15-4a95-931a-4af90ecb574d,https://inaturalist-open-data.s3.amazonaws.com/photos/604459175/original.jpg
/content/drive/MyDrive/terra-gbif-full/images/5ecba60d29ae6f8787c44d5c6c6f8b96b8bceff86ec1ebb48b09c2036c4440ed.jpg,Cyanistes caeruleus,animals,CC0-1.0,Sara Scorey,Sara Scorey,5938053934,28eb1a3f-1c15-4a95-931a-4af90ecb574d,https://inaturalist-open-data.s3.amazonaws.com/photos/604459286/original.jpg
/content/drive/MyDrive/terra-gbif-full/images/574072aca23333fe122e496e64f0023504f82b84125869e8f645a3f6c9909871.jpg,Cyanistes caeruleus,animals,CC0-1.0,Sara Scorey,Sara Scorey,5938053934,28eb1a3f-1c15-4a95-931a-4af90ecb574d,https://inaturalist-open-data.s3.amazonaws.com/photos/604459303/original.jpg
/content/drive/MyDrive/terra-gbif-full/images/a2685e0df369dbbfbb42a3b488b9f4a3fe61174d5522138c1095c8ff9dbf3ad9.jpg,Cyanistes caeruleus,animals,CC-BY-4.0,Шухободская Ольга Владимировна,Шухободская Ольга Владимировна,5938062788,28eb1a3f-1c15-4a95-931a-4af90ecb574d,https://inaturalist-open-data.s3.amazonaws.com/photos/605083856/original.jpg
/content/drive/MyDrive/terra-gbif-full/images/75958c28e2fc1ae0c74bd94f4fc25b2998ddc753004cb0a853d5bbfb678c4908.jpg,Cyanistes caeruleus,animals,CC-BY-4.0,Kate Senatskaya,Kate Senatskaya,5938066502,28eb1a3f-1c15-4a95-931a-4af90ecb574d,https://inaturalist-open-data.s3.amazonaws.com/photos/605623122/original.jpg
/content/drive/MyDrive/terra-gbif-full/images/822b626e648f14a593541aea3a8a21090d96cf3f1b83b61e6bd39c73d1e1f940.jpg,Cyanistes caeruleus,animals,CC-BY-4.0,Kate Senatskaya,Kate Senatskaya,5938066502,28eb1a3f-1c15-4a95-931a-4af90ecb574d,https://inaturalist-open-data.s3.amazonaws.com/photos/605623140/original.jpg
/content/drive/MyDrive/terra-gbif-full/images/c39fee0c7687ac70be9806a7825eed1e099470ab06c12ba4683d758d52f1a027.jpg,Cyanistes caeruleus,animals,CC-BY-4.0,Kate Senatskaya,Kate Senatskaya,5938066502,28eb1a3f-1c15-4a95-931a-4af90ecb574d,https://inaturalist-open-data.s3.amazonaws.com/photos/605623148/original.jpg
/content/drive/MyDrive/terra-gbif-full/images/df28c7d9fb8173f1808b817a264105fe7893ff1c994709a2843d414e1e04dd1a.jpg,Cyanistes caeruleus,animals,CC-BY-4.0,Kate Senatskaya,Kate Senatskaya,5938066502,28eb1a3f-1c15-4a95-931a-4af90ecb574d,https://inaturalist-open-data.s3.amazonaws.com/photos/605623168/original.jpg
/content/drive/MyDrive/terra-gbif-full/images/e5c50f6ea4d42c166a0b9d9afca5c3ce9d315a3ebf8d3d1c9cbf7dc8627174be.jpg,Cyanistes caeruleus,animals,CC-BY-4.0,Kate Senatskaya,Kate Senatskaya,5938066502,28eb1a3f-1c15-4a95-931a-4af90ecb574d,https://inaturalist-open-data.s3.amazonaws.com/photos/605623180/original.jpg
/content/drive/MyDrive/terra-gbif-full/images/4b81f2f4d3b1560d9cf13d890f268a0a45ea9f2612788c06cfed96a4aa58f03c.jpg,Cyanistes caeruleus,animals,CC-BY-4.0,Kate Senatskaya,Kate Senatskaya,5938066502,28eb1a3f-1c15-4a95-931a-4af90ecb574d,https://inaturalist-open-data.s3.amazonaws.com/photos/605623204/original.jpg
/content/drive/MyDrive/terra-gbif-full/images/570cb5ecd03f85f93c37c05a724eef863e84ba7ba6b12e60a3c0f8d7dde2516b.jpg,Cyanistes caeruleus,animals,CC-BY-4.0,Kate Senatskaya,Kate Senatskaya,5938066502,28eb1a3f-1c15-4a95-931a-4af90ecb574d,https://inaturalist-open-data.s3.amazonaws.com/photos/605623213/original.jpg
/content/drive/MyDrive/terra-gbif-full/images/011c7056ef4bdca7b54f65b6fc11784f81a3d8f58d08cbe8f11f898bf70db1ad.jpg,Cyanistes caeruleus,animals,CC-BY-4.0,Kate Senatskaya,Kate Senatskaya,5938066502,28eb1a3f-1c15-4a95-931a-4af90ecb574d,https://inaturalist-open-data.s3.amazonaws.com/photos/605623230/original.jpg
/content/drive/MyDrive/terra-gbif-full/images/d560cd29c2ccc11a2282bdb18d172627907c996c81b32b1b1254cd2fd5a2ba2f.jpg,Cyanistes caeruleus,animals,CC-BY-4.0,Kate Senatskaya,Kate Senatskaya,5938066502,28eb1a3f-1c15-4a95-931a-4af90ecb574d,https://inaturalist-open-data.s3.amazonaws.com/photos/605623246/original.jpg
/content/drive/MyDrive/terra-gbif-full/images/b4d140449fd920d2cfc93accdc01b50489df043fe8b919fed12b7b7460efa118.jpg,Cyanistes caeruleus,animals,CC-BY-4.0,Kate Senatskaya,Kate Senatskaya,5938066502,28eb1a3f-1c15-4a95-931a-4af90ecb574d,https://inaturalist-open-data.s3.amazonaws.com/photos/605623277/original.jpg
/content/drive/MyDrive/terra-gbif-full/images/81f0ab1dbef33e5c9e05548ec5230716d0e5d6e783a8a3cee85177e0c21f3672.jpg,Cyanistes caeruleus,animals,CC0-1.0,Lisa Bennington,Lisa Bennington,5938067872,28eb1a3f-1c15-4a95-931a-4af90ecb574d,https://inaturalist-open-data.s3.amazonaws.com/photos/605415535/original.jpg
/content/drive/MyDrive/terra-gbif-full/images/f1374c5d16879d06261e981f613950ccbe9ffc218760e5542fa0e1dca95fe8b9.jpg,Cyanistes caeruleus,animals,CC0-1.0,Шухободская Ольга Владимировна,Шухободская Ольга Владимировна,5938076343,28eb1a3f-1c15-4a95-931a-4af90ecb574d,https://inaturalist-open-data.s3.amazonaws.com/photos/604831829/original.jpg
/content/drive/MyDrive/terra-gbif-full/images/746046d17692f36e79ca7e03e6c67082a5c550c4508d00ba65e42b35d2763856.jpg,Cyanistes caeruleus,animals,CC0-1.0,Nikhil R R,Nikhil R R,5938078463,28eb1a3f-1c15-4a95-931a-4af90ecb574d,https://inaturalist-open-data.s3.amazonaws.com/photos/605408564/original.jpg
/content/drive/MyDrive/terra-gbif-full/images/b6e33ceb39abe74fa988c443401831717b40d00cf8a66a3675032da70ef98574.jpg,Cyanistes caeruleus,animals,CC0-1.0,Nikhil R R,Nikhil R R,5938078463,28eb1a3f-1c15-4a95-931a-4af90ecb574d,https://inaturalist-open-data.s3.amazonaws.com/photos/605408588/original.jpg
/content/drive/MyDrive/terra-gbif-full/images/cc7e2f7645e1938cb71451edabe3c7c4eab53124b4bb7711f8f90cb3e32b831e.jpg,Cyanistes caeruleus,animals,CC0-1.0,Nikhil R R,Nikhil R R,5938078463,28eb1a3f-1c15-4a95-931a-4af90ecb574d,https://inaturalist-open-data.s3.amazonaws.com/photos/605408627/original.jpg
/content/drive/MyDrive/terra-gbif-full/images/2a4d0882e967dc0614725456c4eac16f46d3eb54813f7c861425b9cd86aff59d.jpg,Cyanistes caeruleus,animals,CC-BY-4.0,E. A.,E. A.,5938082800,28eb1a3f-1c15-4a95-931a-4af90ecb574d,https://inaturalist-open-data.s3.amazonaws.com/photos/605314084/original.jpg
/content/drive/MyDrive/terra-gbif-full/images/f96a8b3a89582baf14963ff994c3612c66e0007cb29f6606f52e8ab48ed534e5.jpg,Cyanistes caeruleus,animals,CC-BY-4.0,Полина Полежанкина,Полина Полежанкина,5938083957,28eb1a3f-1c15-4a95-931a-4af90ecb574d,https://inaturalist-open-data.s3.amazonaws.com/photos/604494638/original.jpg
/content/drive/MyDrive/terra-gbif-full/images/691c3fa1bcbaaa7c15f509feefa11adc894883465bb11944676d93652316e77f.jpg,Parus major,animals,CC0-1.0,Mathew Robinson,Mathew Robinson,5938033039,28eb1a3f-1c15-4a95-931a-4af90ecb574d,https://inaturalist-open-data.s3.amazonaws.com/photos/605034372/original.jpg
/content/drive/MyDrive/terra-gbif-full/images/97ba152e85ac8f350bebd60b4044092d805b92cf583bf0a6b5e7de54d3572469.jpg,Parus major,animals,CC-BY-4.0,Настя Бухвалова,Настя Бухвалова,5938035972,28eb1a3f-1c15-4a95-931a-4af90ecb574d,https://inaturalist-open-data.s3.amazonaws.com/photos/605026753/original.jpg
/content/drive/MyDrive/terra-gbif-full/images/12e61ede382c1c62b4d96f066ff75d0885d239eac79c70831cc69a14f9d5ee56.jpg,Parus major,animals,CC-BY-4.0,Георгий Виноградов (Georgy Vinogradov),Георгий Виноградов (Georgy Vinogradov),5938036261,28eb1a3f-1c15-4a95-931a-4af90ecb574d,https://inaturalist-open-data.s3.amazonaws.com/photos/605654309/original.jpg
/content/drive/MyDrive/terra-gbif-full/images/b2f41cccdacc8523ea1d39766822f399d3e60ad5513ef0e9876b5d9a6f07ba54.jpg,Parus major,animals,CC-BY-4.0,Larissa Schatz,Larissa Schatz,5938036589,28eb1a3f-1c15-4a95-931a-4af90ecb574d,https://inaturalist-open-data.s3.amazonaws.com/photos/605051149/original.jpg
/content/drive/MyDrive/terra-gbif-full/images/2d643e959a5e677c89e478a5bcbe3a2916a73465dbd417f1c93c34cbef7d3113.jpg,Parus major,animals,CC-BY-4.0,Larissa Schatz,Larissa Schatz,5938036589,28eb1a3f-1c15-4a95-931a-4af90ecb574d,https://inaturalist-open-data.s3.amazonaws.com/photos/605051227/original.jpg
/content/drive/MyDrive/terra-gbif-full/images/7279c3e41933d217a134112584048c594ef34a2c02519a3b45af87438be4a458.jpg,Parus major,animals,CC-BY-4.0,Larissa Schatz,Larissa Schatz,5938036589,28eb1a3f-1c15-4a95-931a-4af90ecb574d,https://inaturalist-open-data.s3.amazonaws.com/photos/605051251/original.jpg
/content/drive/MyDrive/terra-gbif-full/images/072875124aa4e532e400c72477f7ef5d33a0f1950bbee0675b8da6d760165bd2.jpg,Parus major,animals,CC-BY-4.0,Larissa Schatz,Larissa Schatz,5938036589,28eb1a3f-1c15-4a95-931a-4af90ecb574d,https://inaturalist-open-data.s3.amazonaws.com/photos/605051271/original.jpg
/content/drive/MyDrive/terra-gbif-full/images/67c000be6eefd0c54b8a3cc5318a25ae871109394d3f24716f882218b8132eea.jpg,Parus major,animals,CC-BY-4.0,Larissa Schatz,Larissa Schatz,5938036589,28eb1a3f-1c15-4a95-931a-4af90ecb574d,https://inaturalist-open-data.s3.amazonaws.com/photos/605051300/original.jpg
/content/drive/MyDrive/terra-gbif-full/images/3f4f7d30481c00576742d375ebb033f76c18354bb304a13a1f3ffd44ac35a190.jpg,Parus major,animals,CC-BY-4.0,Larissa Schatz,Larissa Schatz,5938036589,28eb1a3f-1c15-4a95-931a-4af90ecb574d,https://inaturalist-open-data.s3.amazonaws.com/photos/605051350/original.jpg
/content/drive/MyDrive/terra-gbif-full/images/5a01416f43e0321d8c933fc79714a48a32fa07f8fd1905218cfcd293f7795da1.jpg,Parus major,animals,CC-BY-4.0,Petr Harant,Petr Harant,5938041502,28eb1a3f-1c15-4a95-931a-4af90ecb574d,https://inaturalist-open-data.s3.amazonaws.com/photos/604477210/original.jpg
/content/drive/MyDrive/terra-gbif-full/images/8674a56a7561d9df2469a59487858c29f190865038684fa85a0a7da9ec87bb88.jpg,Parus major,animals,CC-BY-4.0,Petr Harant,Petr Harant,5938041502,28eb1a3f-1c15-4a95-931a-4af90ecb574d,https://inaturalist-open-data.s3.amazonaws.com/photos/604477217/original.jpg
/content/drive/MyDrive/terra-gbif-full/images/cf1640f30babe9e7a54a117a24ad986d603705725ad4c30dddbf581940421f41.jpg,Parus major,animals,CC-BY-4.0,Petr Harant,Petr Harant,5938041502,28eb1a3f-1c15-4a95-931a-4af90ecb574d,https://inaturalist-open-data.s3.amazonaws.com/photos/604477223/original.jpg
/content/drive/MyDrive/terra-gbif-full/images/e678a49f1232b4048c319d9a044de831af38e00c59a111d9ffcb3813d12cdab1.jpg,Parus major,animals,CC-BY-4.0,Вячеслав Шуплецов,Вячеслав Шуплецов,5938042433,28eb1a3f-1c15-4a95-931a-4af90ecb574d,https://inaturalist-open-data.s3.amazonaws.com/photos/605637723/original.jpg
/content/drive/MyDrive/terra-gbif-full/images/658590417bc68a9c2705b0a432eba464b4bfe289a385d93de3af9edd38dae855.jpg,Parus major,animals,CC-BY-4.0,Tatiana Strus,Tatiana Strus,5938045309,28eb1a3f-1c15-4a95-931a-4af90ecb574d,https://inaturalist-open-data.s3.amazonaws.com/photos/605354131/original.jpg
/content/drive/MyDrive/terra-gbif-full/images/e9d7c8719f8135b726a056156fd00e94b17e6587e8f83e42b5ae2a2d115d76d6.jpg,Parus major,animals,CC-BY-4.0,Tatiana Strus,Tatiana Strus,5938045309,28eb1a3f-1c15-4a95-931a-4af90ecb574d,https://inaturalist-open-data.s3.amazonaws.com/photos/605354122/original.jpg
/content/drive/MyDrive/terra-gbif-full/images/901e9f516f534c7ea4edeead29cb05308bd05338899054569fe1673eaaa740e8.jpg,Parus major,animals,CC-BY-4.0,Martin Scheidleder,Martin Scheidleder,5938048079,28eb1a3f-1c15-4a95-931a-4af90ecb574d,https://inaturalist-open-data.s3.amazonaws.com/photos/604478821/original.jpg
/content/drive/MyDrive/terra-gbif-full/images/cd922e8746cdcfc8764b8a9668282f5826df8643a4878f8cb8a2bbe8004563cb.jpg,Parus major,animals,CC-BY-4.0,Константин Селивёрстов,Константин Селивёрстов,5938049888,28eb1a3f-1c15-4a95-931a-4af90ecb574d,https://inaturalist-open-data.s3.amazonaws.com/photos/605047970/original.jpg
/content/drive/MyDrive/terra-gbif-full/images/8fa8bd221e8bf88f1b7c00e3471c6d43bee1152c6ee9cdf02cf65be2aafcfcbc.jpg,Parus major,animals,CC-BY-4.0,Tatiana Strus,Tatiana Strus,5938064676,28eb1a3f-1c15-4a95-931a-4af90ecb574d,https://inaturalist-open-data.s3.amazonaws.com/photos/604731131/original.jpg
/content/drive/MyDrive/terra-gbif-full/images/daae174fcd7be3fac87bb5084109593931eee39983d6ec8d9041240cf579d47e.jpg,Parus major,animals,CC-BY-4.0,Tatiana Strus,Tatiana Strus,5938064676,28eb1a3f-1c15-4a95-931a-4af90ecb574d,https://inaturalist-open-data.s3.amazonaws.com/photos/604731147/original.jpg
/content/drive/MyDrive/terra-gbif-full/images/24c29ea93ad69d96ce9e341c9727e30ace51653f020ad11ec93bb2cd2d05b920.jpg,Parus major,animals,CC-BY-4.0,Шухободская Ольга Владимировна,Шухободская Ольга Владимировна,5938066362,28eb1a3f-1c15-4a95-931a-4af90ecb574d,https://inaturalist-open-data.s3.amazonaws.com/photos/605668418/original.jpg
/content/drive/MyDrive/terra-gbif-full/images/03d23b9b3c7988e5c1154bbe115b068dbae6c834fbda5798bf0ae1f0bad337ee.jpg,Parus major,animals,CC-BY-4.0,Nigel Bentley,Nigel Bentley,5938068956,28eb1a3f-1c15-4a95-931a-4af90ecb574d,https://inaturalist-open-data.s3.amazonaws.com/photos/605109597/original.jpg
/content/drive/MyDrive/terra-gbif-full/images/6a231a1ff58335a8a418ab2728f96de060fc7e9be9d4b6f5e37456b85d7e2209.jpg,Parus major,animals,CC-BY-4.0,Albert Rainbow,Albert Rainbow,5938078373,28eb1a3f-1c15-4a95-931a-4af90ecb574d,https://inaturalist-open-data.s3.amazonaws.com/photos/604775222/original.jpg
/content/drive/MyDrive/terra-gbif-full/images/19e0ae424ed0bc7e33febdc9d020316fe98ab887f4e4ecef3d6b11e46c64af51.jpg,Parus major,animals,CC-BY-4.0,yneumann,yneumann,5938078727,28eb1a3f-1c15-4a95-931a-4af90ecb574d,https://inaturalist-open-data.s3.amazonaws.com/photos/605341683/original.jpg
/content/drive/MyDrive/terra-gbif-full/images/e559d873f445bef047048cca454d465f107d17af8fbffb9864787de0faa35c9b.jpg,Parus major,animals,CC-BY-4.0,yneumann,yneumann,5938078727,28eb1a3f-1c15-4a95-931a-4af90ecb574d,https://inaturalist-open-data.s3.amazonaws.com/photos/605341689/original.jpg
/content/drive/MyDrive/terra-gbif-full/images/df07e8629ad72704cc4f38a008a52cf45a30adcaf99ca33f808d5429ebfd1c98.jpg,Parus major,animals,CC-BY-4.0,yneumann,yneumann,5938078727,28eb1a3f-1c15-4a95-931a-4af90ecb574d,https://inaturalist-open-data.s3.amazonaws.com/photos/605341687/original.jpg
/content/drive/MyDrive/terra-gbif-full/images/9a11a1b77c1abca1bdc61c52ddc0ef684951c45dfba43871ea83b5e25ce73a59.jpg,Anas platyrhynchos,animals,CC0-1.0,joy4birds,joy4birds,5938027743,28eb1a3f-1c15-4a95-931a-4af90ecb574d,https://inaturalist-open-data.s3.amazonaws.com/photos/604899400/original.jpg
/content/drive/MyDrive/terra-gbif-full/images/3fcf3d81db4319d5e2eb78984dddc5cd99652210f15cc807fefa61e9ca3dd3a7.jpg,Anas platyrhynchos,animals,CC0-1.0,Jeff Davis,Jeff Davis,5938027926,28eb1a3f-1c15-4a95-931a-4af90ecb574d,https://inaturalist-open-data.s3.amazonaws.com/photos/605151505/original.jpg
/content/drive/MyDrive/terra-gbif-full/images/4f0e8fd74d518d1646f87a972b47d3b58c600a20907e58a5ffa146ad75b75c18.jpg,Anas platyrhynchos,animals,CC0-1.0,saintaardvark,saintaardvark,5938029386,28eb1a3f-1c15-4a95-931a-4af90ecb574d,https://inaturalist-open-data.s3.amazonaws.com/photos/604626483/original.jpg
/content/drive/MyDrive/terra-gbif-full/images/9bfd6285d4b48315f697a1b2ec2ace679eeb0c5c695fe7c1ecfd2bf69499ee3c.jpg,Anas platyrhynchos,animals,CC-BY-4.0,foxsu,foxsu,5938030325,28eb1a3f-1c15-4a95-931a-4af90ecb574d,https://inaturalist-open-data.s3.amazonaws.com/photos/604616363/original.jpg
/content/drive/MyDrive/terra-gbif-full/images/cafd9fd06ac97fb5bcf9e61ae19c43766bd4ea57db773ce786adbf4db76cd427.jpg,Anas platyrhynchos,animals,CC-BY-4.0,Attila Oláh,Attila Oláh,5938032336,28eb1a3f-1c15-4a95-931a-4af90ecb574d,https://inaturalist-open-data.s3.amazonaws.com/photos/604796179/original.jpg
/content/drive/MyDrive/terra-gbif-full/images/307e1eaf1fd967de592de72afb21ec75085fe4225a168dbc4ea0a1f99fbf49bd.jpg,Anas platyrhynchos,animals,CC-BY-4.0,scaup,scaup,5938044052,28eb1a3f-1c15-4a95-931a-4af90ecb574d,https://inaturalist-open-data.s3.amazonaws.com/photos/605222632/original.jpg
/content/drive/MyDrive/terra-gbif-full/images/32a1e609f30bec8556748e856ad764bbb141ba7b953dbc77c0ad4d5a86f79ca1.jpg,Anas platyrhynchos,animals,CC0-1.0,saintaardvark,saintaardvark,5938051483,28eb1a3f-1c15-4a95-931a-4af90ecb574d,https://inaturalist-open-data.s3.amazonaws.com/photos/605180034/original.jpg
/content/drive/MyDrive/terra-gbif-full/images/327269bd278c84891c019a65e132bf4c98dd549a1bb75feef963e1cdbbb39ea0.jpg,Anas platyrhynchos,animals,CC-BY-4.0,Petr Harant,Petr Harant,5938053948,28eb1a3f-1c15-4a95-931a-4af90ecb574d,https://inaturalist-open-data.s3.amazonaws.com/photos/604477174/original.jpg
/content/drive/MyDrive/terra-gbif-full/images/dc1ef847223ba0bba589fd2a97babf5ba06be54bf0765677b133e94a9ee6018d.jpg,Anas platyrhynchos,animals,CC-BY-4.0,Petr Harant,Petr Harant,5938053948,28eb1a3f-1c15-4a95-931a-4af90ecb574d,https://inaturalist-open-data.s3.amazonaws.com/photos/604477177/original.jpg
/content/drive/MyDrive/terra-gbif-full/images/e90014d222be464572bb910b2c517d759c44d4c481a6fbd708f479278f2b2e73.jpg,Anas platyrhynchos,animals,CC-BY-4.0,Petr Harant,Petr Harant,5938053948,28eb1a3f-1c15-4a95-931a-4af90ecb574d,https://inaturalist-open-data.s3.amazonaws.com/photos/604477175/original.jpg
/content/drive/MyDrive/terra-gbif-full/images/494959bc23386966932d6834caae79d8da24bcd1c742fbf69b35e0d0fe29924e.jpg,Anas platyrhynchos,animals,CC0-1.0,Andrew Cunnington,Andrew Cunnington,5938062628,28eb1a3f-1c15-4a95-931a-4af90ecb574d,https://inaturalist-open-data.s3.amazonaws.com/photos/604481663/original.jpg
/content/drive/MyDrive/terra-gbif-full/images/dcf4d61f5b031e6f9b49e775c69333b5065307badc5665ee7136fa501785217e.jpg,Anas platyrhynchos,animals,CC0-1.0,dougbrown,dougbrown,5938067743,28eb1a3f-1c15-4a95-931a-4af90ecb574d,https://inaturalist-open-data.s3.amazonaws.com/photos/605161160/original.jpg
/content/drive/MyDrive/terra-gbif-full/images/e304f5f43ded546cc86555c6753e67e454161c751bb1dd471186ab539e66abcf.jpg,Anas platyrhynchos,animals,CC0-1.0,Richard Fuller,Richard Fuller,5938067850,28eb1a3f-1c15-4a95-931a-4af90ecb574d,https://inaturalist-open-data.s3.amazonaws.com/photos/605377668/original.jpg
/content/drive/MyDrive/terra-gbif-full/images/4a7f0dc0afe55293f41afbd61c84abf8f949cc3bc6425e31d0b9b0967d6b7f61.jpg,Anas platyrhynchos,animals,CC-BY-4.0,Kostas Zontanos,Kostas Zontanos,5938074072,28eb1a3f-1c15-4a95-931a-4af90ecb574d,https://inaturalist-open-data.s3.amazonaws.com/photos/604802786/original.jpg
/content/drive/MyDrive/terra-gbif-full/images/8ae02aa6ad71024944ffecfa6b9e6fa397dac9f1ed11befe135dbd1880beea56.jpg,Anas platyrhynchos,animals,CC-BY-4.0,Kostas Zontanos,Kostas Zontanos,5938074072,28eb1a3f-1c15-4a95-931a-4af90ecb574d,https://inaturalist-open-data.s3.amazonaws.com/photos/604802784/original.jpg
/content/drive/MyDrive/terra-gbif-full/images/b48640bd2d8c7fe79f890489ddab2392340d2e356a0c781403b9f3ed625e8511.jpg,Anas platyrhynchos,animals,CC-BY-4.0,Kostas Zontanos,Kostas Zontanos,5938074072,28eb1a3f-1c15-4a95-931a-4af90ecb574d,https://inaturalist-open-data.s3.amazonaws.com/photos/604802789/original.jpg
/content/drive/MyDrive/terra-gbif-full/images/a22a2ef25439c3f159dd00f9a7742f55b8ec1d86ef9fb12e55e52ba56d61795c.jpg,Anas platyrhynchos,animals,CC-BY-4.0,Kostas Zontanos,Kostas Zontanos,5938074072,28eb1a3f-1c15-4a95-931a-4af90ecb574d,https://inaturalist-open-data.s3.amazonaws.com/photos/604802794/original.jpg
/content/drive/MyDrive/terra-gbif-full/images/047ac57a3f74e28d5fe8c9244e83858c5016bc5eb78b66d5d8330ce58e2f8d6e.jpg,Anas platyrhynchos,animals,CC0-1.0,Charles Joynson,Charles Joynson,5938080353,28eb1a3f-1c15-4a95-931a-4af90ecb574d,https://inaturalist-open-data.s3.amazonaws.com/photos/605361590/original.jpg
/content/drive/MyDrive/terra-gbif-full/images/045107bd0e5fa5ebe3acaec502cc388e265bc7c8f892d8fabb2c90570a0cfce9.jpg,Anas platyrhynchos,animals,CC0-1.0,Charles Joynson,Charles Joynson,5938080353,28eb1a3f-1c15-4a95-931a-4af90ecb574d,https://inaturalist-open-data.s3.amazonaws.com/photos/605361605/original.jpg
/content/drive/MyDrive/terra-gbif-full/images/e6be5d778a84edb496061baf090d5065d13370f49236a6abff26f803fb182fd5.jpg,Anas platyrhynchos,animals,CC0-1.0,Charles Joynson,Charles Joynson,5938080353,28eb1a3f-1c15-4a95-931a-4af90ecb574d,https://inaturalist-open-data.s3.amazonaws.com/photos/605361617/original.jpg
/content/drive/MyDrive/terra-gbif-full/images/a2185f5ae07f88a69f6708746e55e1b77441fef61f9cc0279a0184ce6345c5dc.jpg,Anas platyrhynchos,animals,CC-BY-4.0,Liren Varghese,Liren Varghese,5938081321,28eb1a3f-1c15-4a95-931a-4af90ecb574d,https://inaturalist-open-data.s3.amazonaws.com/photos/605742834/original.jpg
/content/drive/MyDrive/terra-gbif-full/images/4ce04626c48d9c7a98d4898022609ca0cd6f6026b44a569324834adaa333fde2.jpg,Anas platyrhynchos,animals,CC-BY-4.0,Cole Wolf,Cole Wolf,5938082645,28eb1a3f-1c15-4a95-931a-4af90ecb574d,https://inaturalist-open-data.s3.amazonaws.com/photos/604507485/original.jpg
/content/drive/MyDrive/terra-gbif-full/images/1db29ee1c96377671fbc032e76dd16849fbbbfee74a878992ee92ea80cd2c853.jpg,Anas platyrhynchos,animals,CC-BY-4.0,Marco Mussita,Marco Mussita,5938082726,28eb1a3f-1c15-4a95-931a-4af90ecb574d,https://inaturalist-open-data.s3.amazonaws.com/photos/604992557/original.jpg
/content/drive/MyDrive/terra-gbif-full/images/abbb32fe3ccb7c2edd6af8b235ecdd1c2259a39fc81caad05e16b0e8f85daab9.jpg,Anas platyrhynchos,animals,CC-BY-4.0,Irina Mitine,Irina Mitine,5938086012,28eb1a3f-1c15-4a95-931a-4af90ecb574d,https://inaturalist-open-data.s3.amazonaws.com/photos/605550707/original.jpg
/content/drive/MyDrive/terra-gbif-full/images/b3a4ade12a70cc7dd1e4361b46a56b9a483c4cb45411a6c8ed4da360850e8c95.jpg,Anas platyrhynchos,animals,CC-BY-4.0,Irina Mitine,Irina Mitine,5938086012,28eb1a3f-1c15-4a95-931a-4af90ecb574d,https://inaturalist-open-data.s3.amazonaws.com/photos/605550728/original.jpg
/content/drive/MyDrive/terra-gbif-full/images/c8f6db1d629b39a1ec01d6edb6688e9401ce6f71673fab8b76c47223a313e47b.jpg,Passer domesticus,animals,CC-BY-4.0,Chris Stahl,Chris Stahl,5938036029,28eb1a3f-1c15-4a95-931a-4af90ecb574d,https://inaturalist-open-data.s3.amazonaws.com/photos/605171665/original.jpg
/content/drive/MyDrive/terra-gbif-full/images/fcc2bcfe2895df482420e35385d5b732c403858c5f15da8d53fd9196fe8bcb1c.jpg,Passer domesticus,animals,CC-BY-4.0,Chris Stahl,Chris Stahl,5938036029,28eb1a3f-1c15-4a95-931a-4af90ecb574d,https://inaturalist-open-data.s3.amazonaws.com/photos/605171670/original.jpg
/content/drive/MyDrive/terra-gbif-full/images/47ba03c31c5818a52263a73f3c5cd04c72f5d35fe7cba2e1b210dcde71c84223.jpg,Passer domesticus,animals,CC-BY-4.0,ANGEL MARCOS LUENGO BELLO,ANGEL MARCOS LUENGO BELLO,5938036605,28eb1a3f-1c15-4a95-931a-4af90ecb574d,https://inaturalist-open-data.s3.amazonaws.com/photos/605075252/original.jpg
/content/drive/MyDrive/terra-gbif-full/images/e01722541a354f4df6ab825bbd4dd132943052580eb8338421765f8315bff347.jpg,Passer domesticus,animals,CC-BY-4.0,Jana,Jana,5938037291,28eb1a3f-1c15-4a95-931a-4af90ecb574d,https://inaturalist-open-data.s3.amazonaws.com/photos/605395678/original.jpg
/content/drive/MyDrive/terra-gbif-full/images/b3dc846032d6c4bc06035dc9b93482e9ecbfbab627d836a4c396ad20ed379ceb.jpg,Passer domesticus,animals,CC-BY-4.0,Юрий Данилевский (Yuriy Danilevsky),Юрий Данилевский (Yuriy Danilevsky),5938043710,28eb1a3f-1c15-4a95-931a-4af90ecb574d,https://inaturalist-open-data.s3.amazonaws.com/photos/604520857/original.jpg
/content/drive/MyDrive/terra-gbif-full/images/9e1aff1646ce9aa584016fcfe6a19f3d8af6ba5201b28d629c2135462feeb008.jpg,Passer domesticus,animals,CC-BY-4.0,Liren Varghese,Liren Varghese,5938053150,28eb1a3f-1c15-4a95-931a-4af90ecb574d,https://inaturalist-open-data.s3.amazonaws.com/photos/604590985/original.jpg
/content/drive/MyDrive/terra-gbif-full/images/1a4fcbe882efaaa77862a6aebc12ed76b26f747cfd590d24cf0d3a073061726f.jpg,Passer domesticus,animals,CC-BY-4.0,Liren Varghese,Liren Varghese,5938053150,28eb1a3f-1c15-4a95-931a-4af90ecb574d,https://inaturalist-open-data.s3.amazonaws.com/photos/604590987/original.jpg
/content/drive/MyDrive/terra-gbif-full/images/7d94af85f01685af721eb1bfce057544a753503bf93dd1640d591b7e21650803.jpg,Passer domesticus,animals,CC-BY-4.0,Petr Harant,Petr Harant,5938054093,28eb1a3f-1c15-4a95-931a-4af90ecb574d,https://inaturalist-open-data.s3.amazonaws.com/photos/604738243/original.jpg
/content/drive/MyDrive/terra-gbif-full/images/3eda636b03131557f3196214d5d2526902e15c9c491ffeb8ae41645307fefaaf.jpg,Passer domesticus,animals,CC-BY-4.0,Petr Harant,Petr Harant,5938054093,28eb1a3f-1c15-4a95-931a-4af90ecb574d,https://inaturalist-open-data.s3.amazonaws.com/photos/604738244/original.jpg
/content/drive/MyDrive/terra-gbif-full/images/5bf757adbf5da0c83ca52838f316c4bdf6c9ae11629499f202adfcaf6a40079b.jpg,Passer domesticus,animals,CC-BY-4.0,Petr Harant,Petr Harant,5938054093,28eb1a3f-1c15-4a95-931a-4af90ecb574d,https://inaturalist-open-data.s3.amazonaws.com/photos/604738245/original.jpg
/content/drive/MyDrive/terra-gbif-full/images/585b86dd06c14023da22b49e1c236598365b983f5c8665f40c99a025ed1ddb90.jpg,Passer domesticus,animals,CC0-1.0,Scott,Scott,5938079178,28eb1a3f-1c15-4a95-931a-4af90ecb574d,https://inaturalist-open-data.s3.amazonaws.com/photos/604917732/original.jpg
/content/drive/MyDrive/terra-gbif-full/images/3f9f5962d0abc6fcca1f09e5754ad5c36f212873dea74c0f4167e028f8d05727.jpg,Passer domesticus,animals,CC0-1.0,Scott,Scott,5938079178,28eb1a3f-1c15-4a95-931a-4af90ecb574d,https://inaturalist-open-data.s3.amazonaws.com/photos/604917768/original.jpg
/content/drive/MyDrive/terra-gbif-full/images/e4e0ea4aed4ca26461127d6183a55628964e5792af4bcbeab12ed0dad19966b4.jpg,Passer domesticus,animals,CC0-1.0,Scott,Scott,5938079178,28eb1a3f-1c15-4a95-931a-4af90ecb574d,https://inaturalist-open-data.s3.amazonaws.com/photos/604917789/original.jpg
/content/drive/MyDrive/terra-gbif-full/images/e54a71d5957df185b2c06a39c14cde9ed3eb9bb7c81ff8d67845ea13d5b1815a.jpg,Passer domesticus,animals,CC-BY-4.0,InAweofGod'sCreation,InAweofGod'sCreation,5938083017,28eb1a3f-1c15-4a95-931a-4af90ecb574d,https://inaturalist-open-data.s3.amazonaws.com/photos/605715716/original.jpg
/content/drive/MyDrive/terra-gbif-full/images/6a424341c3a1fe944f44d0e06a289de51b1a95dfb0fbabb3b8726758c0c496f1.jpg,Passer domesticus,animals,CC-BY-4.0,Julia Palmer,Julia Palmer,5938089512,28eb1a3f-1c15-4a95-931a-4af90ecb574d,https://inaturalist-open-data.s3.amazonaws.com/photos/604397481/original.jpg
/content/drive/MyDrive/terra-gbif-full/images/10d1b0a52afb13937f033a9f9a88ebc8212f12e0de7a1802a9fc7350949effa2.jpg,Passer domesticus,animals,CC-BY-4.0,Julia Palmer,Julia Palmer,5938089512,28eb1a3f-1c15-4a95-931a-4af90ecb574d,https://inaturalist-open-data.s3.amazonaws.com/photos/604397502/original.jpg
/content/drive/MyDrive/terra-gbif-full/images/65cd675e7f7934b2c221d6b3395ba033fe321e46d6fdf7494d7aef6114459c8e.jpg,Passer domesticus,animals,CC-BY-4.0,Linda Jo Conn,Linda Jo Conn,5938098665,28eb1a3f-1c15-4a95-931a-4af90ecb574d,https://inaturalist-open-data.s3.amazonaws.com/photos/604923124/original.jpg
/content/drive/MyDrive/terra-gbif-full/images/f91a4563c0ee97d64cabdadfd9b9f83a7a674a08ad636d70fa71ea95e2b03364.jpg,Passer domesticus,animals,CC-BY-4.0,Linda Jo Conn,Linda Jo Conn,5938098665,28eb1a3f-1c15-4a95-931a-4af90ecb574d,https://inaturalist-open-data.s3.amazonaws.com/photos/604923148/original.jpg
/content/drive/MyDrive/terra-gbif-full/images/3876664d3b2ecc92689f7797a6c4f73a715c8b38f68340b8165fe1a0fa4dce46.jpg,Passer domesticus,animals,CC-BY-4.0,Linda Jo Conn,Linda Jo Conn,5938098665,28eb1a3f-1c15-4a95-931a-4af90ecb574d,https://inaturalist-open-data.s3.amazonaws.com/photos/604923116/original.jpg
/content/drive/MyDrive/terra-gbif-full/images/006895049bf97ae10a455101031efddd4d3696c68a60f95f6353aaf9102bc547.jpg,Passer domesticus,animals,CC-BY-4.0,foxsu,foxsu,5938111091,28eb1a3f-1c15-4a95-931a-4af90ecb574d,https://inaturalist-open-data.s3.amazonaws.com/photos/604511589/original.jpg
/content/drive/MyDrive/terra-gbif-full/images/fc2654f400de7e8b96d0fe69fdd86dda9e31a2aa5d127532f9d5d9ea610680ec.jpg,Passer domesticus,animals,CC-BY-4.0,Ирина Хохрякова,Ирина Хохрякова,5938112295,28eb1a3f-1c15-4a95-931a-4af90ecb574d,https://inaturalist-open-data.s3.amazonaws.com/photos/604810692/original.jpg
/content/drive/MyDrive/terra-gbif-full/images/af62b546be39fe6436096059d3222de89f8ff85db0f2be51d08728e270f2e0da.jpg,Passer domesticus,animals,CC-BY-4.0,Damien O'Donnell,Damien O'Donnell,5938116081,28eb1a3f-1c15-4a95-931a-4af90ecb574d,https://inaturalist-open-data.s3.amazonaws.com/photos/604999436/original.jpg
/content/drive/MyDrive/terra-gbif-full/images/f3a7ed5e7ca597aad838eaf0eba3fb29e5e8d68de96a7a5e90905285f8aa0fcf.jpg,Passer domesticus,animals,CC-BY-4.0,eml23,eml23,5938120480,28eb1a3f-1c15-4a95-931a-4af90ecb574d,https://inaturalist-open-data.s3.amazonaws.com/photos/604540305/original.jpg
/content/drive/MyDrive/terra-gbif-full/images/4d7c4f8c964457e2688f4c4189fa5b7cec747f571bac81232b03ad6e3aaff4cb.jpg,Passer domesticus,animals,CC-BY-4.0,eml23,eml23,5938120480,28eb1a3f-1c15-4a95-931a-4af90ecb574d,https://inaturalist-open-data.s3.amazonaws.com/photos/604540306/original.jpg
/content/drive/MyDrive/terra-gbif-full/images/05be3b80c915d5b1cf29907ff3226517930bf8943d847ba597f49742bb85ff25.jpg,Passer domesticus,animals,CC-BY-4.0,eml23,eml23,5938120480,28eb1a3f-1c15-4a95-931a-4af90ecb574d,https://inaturalist-open-data.s3.amazonaws.com/photos/604540308/original.jpg
/content/drive/MyDrive/terra-gbif-full/images/7ee6e3693e86b1d4700d7cb230f8446dfea615fc25783441712cebfabec70214.jpg,Ardea herodias,animals,CC0-1.0,Steph Brulot-Sawchyn,Steph Brulot-Sawchyn,5938029860,28eb1a3f-1c15-4a95-931a-4af90ecb574d,https://inaturalist-open-data.s3.amazonaws.com/photos/604662970/original.jpg
/content/drive/MyDrive/terra-gbif-full/images/a776b3fde822ae775b7308dcfff4aed89e0bdc01ca3e40282076ce5f69bf2dea.jpg,Ardea herodias,animals,CC-BY-4.0,Dan Vickers,Dan Vickers,5938037070,28eb1a3f-1c15-4a95-931a-4af90ecb574d,https://inaturalist-open-data.s3.amazonaws.com/photos/605491426/original.jpg
/content/drive/MyDrive/terra-gbif-full/images/c45e414f90a65794134532abe0f1d7c525006af5eb05023228b490c155473e64.jpg,Ardea herodias,animals,CC-BY-4.0,Bryan Connolly,Bryan Connolly,5938044947,28eb1a3f-1c15-4a95-931a-4af90ecb574d,https://inaturalist-open-data.s3.amazonaws.com/photos/605448616/original.jpg
/content/drive/MyDrive/terra-gbif-full/images/8d8ea75abfa385317421950fe1339ed89321024d370a34c311eee01092996412.jpg,Ardea herodias,animals,CC-BY-4.0,Bryan Connolly,Bryan Connolly,5938044947,28eb1a3f-1c15-4a95-931a-4af90ecb574d,https://inaturalist-open-data.s3.amazonaws.com/photos/605448611/original.jpg
/content/drive/MyDrive/terra-gbif-full/images/209195eb882e2de151c157575e630d89d1e798ba00d7ea411a615603afd08e9f.jpg,Ardea herodias,animals,CC-BY-4.0,Isabella Hackett,Isabella Hackett,5938050832,28eb1a3f-1c15-4a95-931a-4af90ecb574d,https://inaturalist-open-data.s3.amazonaws.com/photos/604625775/original.jpg
/content/drive/MyDrive/terra-gbif-full/images/0b108818e226e122af3442d5994e3c6dfa588b01eb398383b71089ecb82bed31.jpg,Ardea herodias,animals,CC-BY-4.0,Isabella Hackett,Isabella Hackett,5938050832,28eb1a3f-1c15-4a95-931a-4af90ecb574d,https://inaturalist-open-data.s3.amazonaws.com/photos/604625748/original.jpg
/content/drive/MyDrive/terra-gbif-full/images/7c09606087d46e5006c3e27b9c161e1c85d70eef1780c093f45d980deed44cb9.jpg,Ardea herodias,animals,CC-BY-4.0,sudomir,sudomir,5938074286,28eb1a3f-1c15-4a95-931a-4af90ecb574d,https://inaturalist-open-data.s3.amazonaws.com/photos/605210560/original.jpg
/content/drive/MyDrive/terra-gbif-full/images/dcae0b901bb49f6b01bca74d1b6302c8c03c1aa9862bac43de6ad4d4f6b5a6e8.jpg,Ardea herodias,animals,CC-BY-4.0,sudomir,sudomir,5938074286,28eb1a3f-1c15-4a95-931a-4af90ecb574d,https://inaturalist-open-data.s3.amazonaws.com/photos/605210519/original.jpg
/content/drive/MyDrive/terra-gbif-full/images/19b1548c6da1bca962820c5675f09c982ff731fcdcdd5fe13dd1e374d0596716.jpg,Ardea herodias,animals,CC0-1.0,Sheila,Sheila,5938087311,28eb1a3f-1c15-4a95-931a-4af90ecb574d,https://inaturalist-open-data.s3.amazonaws.com/photos/605177844/original.jpg
/content/drive/MyDrive/terra-gbif-full/images/a0390ca16a9223dd94babc92d620d82f0d5cc11fa3192613528fddcdc42ae15b.jpg,Ardea herodias,animals,CC0-1.0,Sheila,Sheila,5938087311,28eb1a3f-1c15-4a95-931a-4af90ecb574d,https://inaturalist-open-data.s3.amazonaws.com/photos/605177875/original.jpg
/content/drive/MyDrive/terra-gbif-full/images/a85b575ec19f623f258cf1acc0e0249e035b869556da5284a2836992ef0d572e.jpg,Ardea herodias,animals,CC0-1.0,Sheila,Sheila,5938087311,28eb1a3f-1c15-4a95-931a-4af90ecb574d,https://inaturalist-open-data.s3.amazonaws.com/photos/605177894/original.jpg
/content/drive/MyDrive/terra-gbif-full/images/586d590c30599dfc56e0617fd8075309dfa9420c2ef28490d1c29adc1827e255.jpg,Ardea herodias,animals,CC0-1.0,Sheila,Sheila,5938087311,28eb1a3f-1c15-4a95-931a-4af90ecb574d,https://inaturalist-open-data.s3.amazonaws.com/photos/605177918/original.jpg
/content/drive/MyDrive/terra-gbif-full/images/87ced8028cb3d84c0fdd40ec189b6694d33ecbfe9af622afc04d8ecbcce1c955.jpg,Ardea herodias,animals,CC0-1.0,Sheila,Sheila,5938087311,28eb1a3f-1c15-4a95-931a-4af90ecb574d,https://inaturalist-open-data.s3.amazonaws.com/photos/605177938/original.jpg
/content/drive/MyDrive/terra-gbif-full/images/da12ecc7a09906e6bfd78d1fc9dccffbd32db7a8588461555b44d881906de30e.jpg,Ardea herodias,animals,CC0-1.0,Sheila,Sheila,5938087311,28eb1a3f-1c15-4a95-931a-4af90ecb574d,https://inaturalist-open-data.s3.amazonaws.com/photos/605177960/original.jpg
/content/drive/MyDrive/terra-gbif-full/images/dd05f2ac4009bb11c3cb945275c086d7dd6a227afdad556ab6a22e596e2978af.jpg,Ardea herodias,animals,CC-BY-4.0,Liren Varghese,Liren Varghese,5938093264,28eb1a3f-1c15-4a95-931a-4af90ecb574d,https://inaturalist-open-data.s3.amazonaws.com/photos/605741812/original.jpg
/content/drive/MyDrive/terra-gbif-full/images/46c321ac1815f70125df648d651b634246658bc6e1b7929a655c64c66237f35f.jpg,Ardea herodias,animals,CC-BY-4.0,Liren Varghese,Liren Varghese,5938093264,28eb1a3f-1c15-4a95-931a-4af90ecb574d,https://inaturalist-open-data.s3.amazonaws.com/photos/605742230/original.jpg
/content/drive/MyDrive/terra-gbif-full/images/c01e26f80dc73a88365c6050d2fe5f34cd715dbc24204d3c80b9eccecff967d1.jpg,Ardea herodias,animals,CC-BY-4.0,Liren Varghese,Liren Varghese,5938093264,28eb1a3f-1c15-4a95-931a-4af90ecb574d,https://inaturalist-open-data.s3.amazonaws.com/photos/605742232/original.jpg
/content/drive/MyDrive/terra-gbif-full/images/9349bc6d270998cd362e59d6b80964085229cc4160eaa1ec2c97ba6a5ca5ca29.jpg,Ardea herodias,animals,CC-BY-4.0,sudomir,sudomir,5938094182,28eb1a3f-1c15-4a95-931a-4af90ecb574d,https://inaturalist-open-data.s3.amazonaws.com/photos/605211105/original.jpg
/content/drive/MyDrive/terra-gbif-full/images/788d726668a62f76767ec4ed70131248cb741a3f6c35a76c81f573ad6aa10464.jpg,Ardea herodias,animals,CC0-1.0,ChrisMcV,ChrisMcV,5938101822,28eb1a3f-1c15-4a95-931a-4af90ecb574d,https://inaturalist-open-data.s3.amazonaws.com/photos/605218837/original.jpg
/content/drive/MyDrive/terra-gbif-full/images/b58c41f0382ba46fc0537c0497bf51d7bb1c79a922b1935c4e0ecb84903ef529.jpg,Ardea herodias,animals,CC0-1.0,saintaardvark,saintaardvark,5938102580,28eb1a3f-1c15-4a95-931a-4af90ecb574d,https://inaturalist-open-data.s3.amazonaws.com/photos/604836564/original.jpg
/content/drive/MyDrive/terra-gbif-full/images/ad25722fe3e337d0beedf52488b1f6ce811069ba69aeacdd4d2a21abfcb230a5.jpg,Ardea herodias,animals,CC0-1.0,saintaardvark,saintaardvark,5938102580,28eb1a3f-1c15-4a95-931a-4af90ecb574d,https://inaturalist-open-data.s3.amazonaws.com/photos/604836554/original.jpg
/content/drive/MyDrive/terra-gbif-full/images/d878462452473446d0cf78325e6262820fb5cbcfd7d21dfc2c0499c2a9278d37.jpg,Ardea herodias,animals,CC-BY-4.0,Stephanie Buck,Stephanie Buck,5938105263,28eb1a3f-1c15-4a95-931a-4af90ecb574d,https://inaturalist-open-data.s3.amazonaws.com/photos/604626783/original.jpg
/content/drive/MyDrive/terra-gbif-full/images/2440c59d6be0d0c8103c4d7f37e0b8d5269b8cd59a2d1cada82062c089e83986.jpg,Ardea herodias,animals,CC-BY-4.0,Joshua Johnson,Joshua Johnson,5938109319,28eb1a3f-1c15-4a95-931a-4af90ecb574d,https://inaturalist-open-data.s3.amazonaws.com/photos/605103235/original.jpg
/content/drive/MyDrive/terra-gbif-full/images/6ff086b5a390d52bb240cdc45fec93b3816de044607aeb9d9e5f92b2b2cee229.jpg,Ardea herodias,animals,CC-BY-4.0,Joshua Johnson,Joshua Johnson,5938109319,28eb1a3f-1c15-4a95-931a-4af90ecb574d,https://inaturalist-open-data.s3.amazonaws.com/photos/605103255/original.jpg
/content/drive/MyDrive/terra-gbif-full/images/ecc2a58c0b7a8b134ea3901facc2207e7e9afacadd2a97bd77685fb4396d94ab.jpg,Ardea herodias,animals,CC-BY-4.0,Joshua Johnson,Joshua Johnson,5938109319,28eb1a3f-1c15-4a95-931a-4af90ecb574d,https://inaturalist-open-data.s3.amazonaws.com/photos/605103265/original.jpg
/content/drive/MyDrive/terra-gbif-full/images/db49142da0dd1d73d8509ccca992af4105eafb21613c2030f448d7f8b698b995.jpg,Larus delawarensis,animals,CC-BY-4.0,David Garza,David Garza,5938030250,28eb1a3f-1c15-4a95-931a-4af90ecb574d,https://inaturalist-open-data.s3.amazonaws.com/photos/605180405/original.jpg
/content/drive/MyDrive/terra-gbif-full/images/ee943455d1799ceaed6385eecc9a4062137498ef641b2769a6531277899ffc9e.jpg,Larus delawarensis,animals,CC-BY-4.0,geosesarma,geosesarma,5938032459,28eb1a3f-1c15-4a95-931a-4af90ecb574d,https://inaturalist-open-data.s3.amazonaws.com/photos/604699798/original.jpg
/content/drive/MyDrive/terra-gbif-full/images/56b66bc8ec3d0cde4ba52d857784d54a14fd83bcb958f5a93d319ab328bac66b.jpg,Larus delawarensis,animals,CC-BY-4.0,Jared Shorma,Jared Shorma,5938036948,28eb1a3f-1c15-4a95-931a-4af90ecb574d,https://inaturalist-open-data.s3.amazonaws.com/photos/605289558/original.jpg
/content/drive/MyDrive/terra-gbif-full/images/5a3efd4eefa1a30f5f018d2e51401b49e60fde70fb89c78f5a016eaac44ad7c9.jpg,Larus delawarensis,animals,CC-BY-4.0,Jared Shorma,Jared Shorma,5938036948,28eb1a3f-1c15-4a95-931a-4af90ecb574d,https://inaturalist-open-data.s3.amazonaws.com/photos/605289551/original.jpg
/content/drive/MyDrive/terra-gbif-full/images/9fb08ef77cf0047d54e0de6b3f7a80d6d64f1d916c088d4571c7e670d4f79104.jpg,Larus delawarensis,animals,CC-BY-4.0,Jared Shorma,Jared Shorma,5938036948,28eb1a3f-1c15-4a95-931a-4af90ecb574d,https://inaturalist-open-data.s3.amazonaws.com/photos/605289581/original.jpg
/content/drive/MyDrive/terra-gbif-full/images/0a939fbf63e4559680372114fcd9befa5d912eb3cd78b9b7127585295017f8cf.jpg,Larus delawarensis,animals,CC-BY-4.0,Jared Shorma,Jared Shorma,5938036948,28eb1a3f-1c15-4a95-931a-4af90ecb574d,https://inaturalist-open-data.s3.amazonaws.com/photos/605289588/original.jpg
/content/drive/MyDrive/terra-gbif-full/images/9c3c69634ab0e201a0860864c2591a110214e0253fc9b1ae415efb821322e018.jpg,Larus delawarensis,animals,CC-BY-4.0,Jared Shorma,Jared Shorma,5938036948,28eb1a3f-1c15-4a95-931a-4af90ecb574d,https://inaturalist-open-data.s3.amazonaws.com/photos/605289582/original.jpg
/content/drive/MyDrive/terra-gbif-full/images/e97953781c75e2bfad0c6d897c91f59a5d7cc876265b5ca38b16399ae6fd46d9.jpg,Larus delawarensis,animals,CC-BY-4.0,Jared Shorma,Jared Shorma,5938036948,28eb1a3f-1c15-4a95-931a-4af90ecb574d,https://inaturalist-open-data.s3.amazonaws.com/photos/605289726/original.jpg
/content/drive/MyDrive/terra-gbif-full/images/77e8f70f1c9d26b15be6c6dfbce42f39b90ceaeb7297656edabfe478604ee001.jpg,Larus delawarensis,animals,CC-BY-4.0,Jared Shorma,Jared Shorma,5938036948,28eb1a3f-1c15-4a95-931a-4af90ecb574d,https://inaturalist-open-data.s3.amazonaws.com/photos/605289721/original.jpg
/content/drive/MyDrive/terra-gbif-full/images/f64e95cb065da727aca3f9c420033b03d10a9db17f2e26e01d31b2af11ec6527.jpg,Larus delawarensis,animals,CC-BY-4.0,Jared Shorma,Jared Shorma,5938036948,28eb1a3f-1c15-4a95-931a-4af90ecb574d,https://inaturalist-open-data.s3.amazonaws.com/photos/605289719/original.jpg
/content/drive/MyDrive/terra-gbif-full/images/fcd0592e72472faf1a5018a6015167ec256be09178f57752d4607b58ff156d4f.jpg,Larus delawarensis,animals,CC-BY-4.0,Jared Shorma,Jared Shorma,5938036948,28eb1a3f-1c15-4a95-931a-4af90ecb574d,https://inaturalist-open-data.s3.amazonaws.com/photos/605289951/original.jpg
/content/drive/MyDrive/terra-gbif-full/images/f838d53f89de1dcfeb27bf9506a37e53df17350d7ddb6571aa617b0c1211df04.jpg,Larus delawarensis,animals,CC-BY-4.0,Jared Shorma,Jared Shorma,5938036948,28eb1a3f-1c15-4a95-931a-4af90ecb574d,https://inaturalist-open-data.s3.amazonaws.com/photos/605289952/original.jpg
/content/drive/MyDrive/terra-gbif-full/images/226c65f2c19b3aee2de74029bd6cb432856a7997f748a1a96ba7a09dc619d0da.jpg,Larus delawarensis,animals,CC-BY-4.0,Jared Shorma,Jared Shorma,5938036948,28eb1a3f-1c15-4a95-931a-4af90ecb574d,https://inaturalist-open-data.s3.amazonaws.com/photos/605289944/original.jpg
/content/drive/MyDrive/terra-gbif-full/images/8ecf3f9ab7cd91dab448c67a58ee165426c28437da0e8b40455170d874a64bb7.jpg,Larus delawarensis,animals,CC-BY-4.0,Jared Shorma,Jared Shorma,5938036948,28eb1a3f-1c15-4a95-931a-4af90ecb574d,https://inaturalist-open-data.s3.amazonaws.com/photos/605289959/original.jpg
/content/drive/MyDrive/terra-gbif-full/images/1e4e613058cf82a28fba26436e6b93c072e9421428b8bd5948f60ebec62a0a18.jpg,Larus delawarensis,animals,CC-BY-4.0,tcantrell52,tcantrell52,5938049972,28eb1a3f-1c15-4a95-931a-4af90ecb574d,https://inaturalist-open-data.s3.amazonaws.com/photos/605182668/original.jpg
/content/drive/MyDrive/terra-gbif-full/images/43e6c4abe8326c764e7fdc67cd55d379df39309d84d4db06773d07ac808f25ff.jpg,Larus delawarensis,animals,CC-BY-4.0,David Garza,David Garza,5938053306,28eb1a3f-1c15-4a95-931a-4af90ecb574d,https://inaturalist-open-data.s3.amazonaws.com/photos/605179808/original.jpg
/content/drive/MyDrive/terra-gbif-full/images/f40628e3c1c2b72d88cf997241afa665108608ddbc79b64715ecc955e0d9c068.jpg,Larus delawarensis,animals,CC-BY-4.0,David Garza,David Garza,5938053306,28eb1a3f-1c15-4a95-931a-4af90ecb574d,https://inaturalist-open-data.s3.amazonaws.com/photos/605179829/original.jpg
/content/drive/MyDrive/terra-gbif-full/images/d94dd2f3ba8b0a9ed848b25ddb3ba18e5f5b82597c556656c4a0e83301b3ca0c.jpg,Larus delawarensis,animals,CC-BY-4.0,Jared Shorma,Jared Shorma,5938065011,28eb1a3f-1c15-4a95-931a-4af90ecb574d,https://inaturalist-open-data.s3.amazonaws.com/photos/605290456/original.jpg
/content/drive/MyDrive/terra-gbif-full/images/0a1c2018781c21796990e29020ef10f87c4c40715d473291fc027070a3995668.jpg,Larus delawarensis,animals,CC0-1.0,dougbrown,dougbrown,5938069062,28eb1a3f-1c15-4a95-931a-4af90ecb574d,https://inaturalist-open-data.s3.amazonaws.com/photos/605415695/original.jpg
/content/drive/MyDrive/terra-gbif-full/images/1f6cd5c4b0629d3c6faa3fba844055f184da61c8fe4addb4ed0d21392ff44591.jpg,Larus delawarensis,animals,CC0-1.0,dougbrown,dougbrown,5938069062,28eb1a3f-1c15-4a95-931a-4af90ecb574d,https://inaturalist-open-data.s3.amazonaws.com/photos/605415921/original.jpg
/content/drive/MyDrive/terra-gbif-full/images/207d5ca8ed24dc4bf41d777faf5d06c934e22cbb909ac44526a5d4590f7cebd4.jpg,Larus delawarensis,animals,CC0-1.0,dougbrown,dougbrown,5938069062,28eb1a3f-1c15-4a95-931a-4af90ecb574d,https://inaturalist-open-data.s3.amazonaws.com/photos/605415953/original.jpg
/content/drive/MyDrive/terra-gbif-full/images/85e45848fb173c005d41f980148f8b0a81d331d315e9c54526b7d4faa3ef4075.jpg,Larus delawarensis,animals,CC0-1.0,dougbrown,dougbrown,5938069062,28eb1a3f-1c15-4a95-931a-4af90ecb574d,https://inaturalist-open-data.s3.amazonaws.com/photos/605415972/original.jpg
/content/drive/MyDrive/terra-gbif-full/images/9e58e6d717f2ce3648c5e2c0a5a6142b952f8cb773f869679789b1445afa5c42.jpg,Larus delawarensis,animals,CC-BY-4.0,David Garza,David Garza,5938069152,28eb1a3f-1c15-4a95-931a-4af90ecb574d,https://inaturalist-open-data.s3.amazonaws.com/photos/605180720/original.jpg
/content/drive/MyDrive/terra-gbif-full/images/ab52da4b2e806a0020b48b59d7469af218daafa7d5eb707434a828287e758515.jpg,Larus delawarensis,animals,CC-BY-4.0,Daughter Dad,Daughter Dad,5938075875,28eb1a3f-1c15-4a95-931a-4af90ecb574d,https://inaturalist-open-data.s3.amazonaws.com/photos/604668729/original.jpg
/content/drive/MyDrive/terra-gbif-full/images/5b53e93ebf151f8a1c5cf9d9f5022d30b7d3a1071583ea129947c29249fa386c.jpg,Larus delawarensis,animals,CC-BY-4.0,Jared Shorma,Jared Shorma,5938080311,28eb1a3f-1c15-4a95-931a-4af90ecb574d,https://inaturalist-open-data.s3.amazonaws.com/photos/605290204/original.jpg
/content/drive/MyDrive/terra-gbif-full/images/64ac84e5eeee2baea06f4328731b728afd659e74c96723e96ac88b813101bec2.jpg,Turdus merula,animals,CC-BY-4.0,Martin Scheidleder,Martin Scheidleder,5938037180,28eb1a3f-1c15-4a95-931a-4af90ecb574d,https://inaturalist-open-data.s3.amazonaws.com/photos/605668791/original.jpg
/content/drive/MyDrive/terra-gbif-full/images/e48fa83b389ad14123e64a479be7e94b7144215f4f4a292b5efe2718e4f30e7c.jpg,Turdus merula,animals,CC-BY-4.0,Ged Tranter,Ged Tranter,5938037325,28eb1a3f-1c15-4a95-931a-4af90ecb574d,https://inaturalist-open-data.s3.amazonaws.com/photos/605325773/original.jpg
/content/drive/MyDrive/terra-gbif-full/images/97765acb6e9eef448c06a6de781ba73e2c03772b5a866c65f66c29c54ae9420e.jpg,Turdus merula,animals,CC-BY-4.0,E. A.,E. A.,5938054436,28eb1a3f-1c15-4a95-931a-4af90ecb574d,https://inaturalist-open-data.s3.amazonaws.com/photos/605314265/original.jpg
/content/drive/MyDrive/terra-gbif-full/images/2d6b6ec371124ddbac7ea111d1f8c17bf8c9f0cc051d884431560c774215c2c9.jpg,Turdus merula,animals,CC-BY-4.0,Becky Hamilton,Becky Hamilton,5938055406,28eb1a3f-1c15-4a95-931a-4af90ecb574d,https://inaturalist-open-data.s3.amazonaws.com/photos/604457617/original.jpg
/content/drive/MyDrive/terra-gbif-full/images/fb68551a114b54b78a6f826748b6f620e8c52935253fe51ccd81987844dfee48.jpg,Turdus merula,animals,CC-BY-4.0,Michel Frisch,Michel Frisch,5938057296,28eb1a3f-1c15-4a95-931a-4af90ecb574d,https://inaturalist-open-data.s3.amazonaws.com/photos/605312141/original.jpg
/content/drive/MyDrive/terra-gbif-full/images/e3e10bd573e9f7dfeac893fc9e8e8f6adeced2f98c329f13e2ccd3be8f293445.jpg,Turdus merula,animals,CC-BY-4.0,Becky Hamilton,Becky Hamilton,5938065375,28eb1a3f-1c15-4a95-931a-4af90ecb574d,https://inaturalist-open-data.s3.amazonaws.com/photos/604457632/original.jpg
/content/drive/MyDrive/terra-gbif-full/images/e90788ac61d6186e7de5de0cba4ed444b37ba7603eb18f2ebf12e5f97ff5cdcc.jpg,Turdus merula,animals,CC-BY-4.0,Becky Hamilton,Becky Hamilton,5938065375,28eb1a3f-1c15-4a95-931a-4af90ecb574d,https://inaturalist-open-data.s3.amazonaws.com/photos/604457637/original.jpg
/content/drive/MyDrive/terra-gbif-full/images/d0083f65e4d66adf9f1469b8097ba884feb308a2c45e13840090c7ab33f1d412.jpg,Turdus merula,animals,CC0-1.0,Paul Braun,Paul Braun,5938067270,28eb1a3f-1c15-4a95-931a-4af90ecb574d,https://inaturalist-open-data.s3.amazonaws.com/photos/604465645/original.jpg
/content/drive/MyDrive/terra-gbif-full/images/cd53d4833f45408a0bbf5699523f89ba6a8fb5dec002fd808cb8a3b7dc31241d.jpg,Turdus merula,animals,CC0-1.0,Matthieu Trotignon,Matthieu Trotignon,5938067367,28eb1a3f-1c15-4a95-931a-4af90ecb574d,https://inaturalist-open-data.s3.amazonaws.com/photos/605025939/original.jpg
/content/drive/MyDrive/terra-gbif-full/images/c8439cb2e85a335bdebd2c09a115a665a72cf52aea2878a26d4311aa5f640351.jpg,Turdus merula,animals,CC-BY-4.0,Jakob Horz,Jakob Horz,5938082849,28eb1a3f-1c15-4a95-931a-4af90ecb574d,https://inaturalist-open-data.s3.amazonaws.com/photos/605448520/original.jpg
/content/drive/MyDrive/terra-gbif-full/images/4de909bfbe188877fe8df96ce9c8ab743aabef63b3f4431755a9bd3d529deefb.jpg,Turdus merula,animals,CC0-1.0,Gregory Wheeler,Gregory Wheeler,5938087955,28eb1a3f-1c15-4a95-931a-4af90ecb574d,https://inaturalist-open-data.s3.amazonaws.com/photos/605617346/original.jpg
/content/drive/MyDrive/terra-gbif-full/images/68dca29ed8539397054da2b5d81ec8827a30849d460aaeb9a33ffb6041289925.jpg,Turdus merula,animals,CC-BY-4.0,Becky Hamilton,Becky Hamilton,5938089561,28eb1a3f-1c15-4a95-931a-4af90ecb574d,https://inaturalist-open-data.s3.amazonaws.com/photos/604457647/original.jpg
/content/drive/MyDrive/terra-gbif-full/images/d165ad6aec929984113f962f96d7680fcd463d31cc859309819a0deddbb4b7d5.jpg,Turdus merula,animals,CC0-1.0,Scott,Scott,5938109231,28eb1a3f-1c15-4a95-931a-4af90ecb574d,https://inaturalist-open-data.s3.amazonaws.com/photos/605017999/original.jpg
/content/drive/MyDrive/terra-gbif-full/images/95a4fe603cad74b03dace4c9fe259a2892614b93f11744371fc7ba24b3a1c2b8.jpg,Turdus merula,animals,CC0-1.0,Scott,Scott,5938109231,28eb1a3f-1c15-4a95-931a-4af90ecb574d,https://inaturalist-open-data.s3.amazonaws.com/photos/605018012/original.jpg
/content/drive/MyDrive/terra-gbif-full/images/2676ca26e85e7ba56ce1def82ce8f89f804a2a2afde092fa6fbf15fe493dc40a.jpg,Turdus merula,animals,CC0-1.0,Scott,Scott,5938109231,28eb1a3f-1c15-4a95-931a-4af90ecb574d,https://inaturalist-open-data.s3.amazonaws.com/photos/605018028/original.jpg
/content/drive/MyDrive/terra-gbif-full/images/368656b87ee2d37182405499ba8df2eab9d8a66bad1c832a848a6b3ba2b57928.jpg,Turdus merula,animals,CC0-1.0,Scott,Scott,5938109231,28eb1a3f-1c15-4a95-931a-4af90ecb574d,https://inaturalist-open-data.s3.amazonaws.com/photos/605018048/original.jpg
/content/drive/MyDrive/terra-gbif-full/images/e7b7d525a3b6e6bccb75ef7bfd9bdfd9c0eb772931a1c10e56b79b0a0aa9c11d.jpg,Turdus merula,animals,CC0-1.0,Scott,Scott,5938109231,28eb1a3f-1c15-4a95-931a-4af90ecb574d,https://inaturalist-open-data.s3.amazonaws.com/photos/605018059/original.jpg
/content/drive/MyDrive/terra-gbif-full/images/7fe7bb909e861b051ceca013267bb3bf9e300810cd2d08dc0039d6edab080cf0.jpg,Turdus merula,animals,CC0-1.0,Scott,Scott,5938109231,28eb1a3f-1c15-4a95-931a-4af90ecb574d,https://inaturalist-open-data.s3.amazonaws.com/photos/605018073/original.jpg
/content/drive/MyDrive/terra-gbif-full/images/71acf912c7e1d35414671171d70c84d601654ee5487393b48e850837911a2884.jpg,Turdus merula,animals,CC0-1.0,Scott,Scott,5938109231,28eb1a3f-1c15-4a95-931a-4af90ecb574d,https://inaturalist-open-data.s3.amazonaws.com/photos/605018089/original.jpg
/content/drive/MyDrive/terra-gbif-full/images/44bbaf48ee6ae0721e9692abf88bad0da2d86cfc515834fdb9ae1bada23abd61.jpg,Turdus merula,animals,CC0-1.0,Scott,Scott,5938109231,28eb1a3f-1c15-4a95-931a-4af90ecb574d,https://inaturalist-open-data.s3.amazonaws.com/photos/605018109/original.jpg
/content/drive/MyDrive/terra-gbif-full/images/7006de3f0099c32cd5e647b79e919c7a1ca732f07c53a08e960e2acbd520c4b7.jpg,Turdus merula,animals,CC0-1.0,Scott,Scott,5938109231,28eb1a3f-1c15-4a95-931a-4af90ecb574d,https://inaturalist-open-data.s3.amazonaws.com/photos/605018131/original.jpg
/content/drive/MyDrive/terra-gbif-full/images/f90dc0cc3cd9ad30429fe3bab63371b85d226da77de300052695f8257bd43cce.jpg,Turdus merula,animals,CC0-1.0,Scott,Scott,5938109231,28eb1a3f-1c15-4a95-931a-4af90ecb574d,https://inaturalist-open-data.s3.amazonaws.com/photos/605018147/original.jpg
/content/drive/MyDrive/terra-gbif-full/images/44cdedfe5463277add2de4a5529ab3a0c95325b2fa0d415b2a5bc819a7446a94.jpg,Turdus merula,animals,CC-BY-4.0,Petr Harant,Petr Harant,5938111231,28eb1a3f-1c15-4a95-931a-4af90ecb574d,https://inaturalist-open-data.s3.amazonaws.com/photos/604477199/original.jpg
/content/drive/MyDrive/terra-gbif-full/images/aaecca109a22347313fed825942014c49b525a82c7f5545186d376bb3771f6f7.jpg,Turdus merula,animals,CC-BY-4.0,Petr Harant,Petr Harant,5938111231,28eb1a3f-1c15-4a95-931a-4af90ecb574d,https://inaturalist-open-data.s3.amazonaws.com/photos/604477186/original.jpg
/content/drive/MyDrive/terra-gbif-full/images/d2a2d58898820d9499c911cbecea8dff38bafcf08cc785430bcd16c815bfb568.jpg,Turdus merula,animals,CC-BY-4.0,Petr Harant,Petr Harant,5938111231,28eb1a3f-1c15-4a95-931a-4af90ecb574d,https://inaturalist-open-data.s3.amazonaws.com/photos/604477205/original.jpg
/content/drive/MyDrive/terra-gbif-full/images/dafd1dc4139d7d614e6369bf05ec1ce24a82b803b57ea788c3e23c877d648758.jpg,Fringilla coelebs,animals,CC-BY-4.0,ANGEL MARCOS LUENGO BELLO,ANGEL MARCOS LUENGO BELLO,5938036604,28eb1a3f-1c15-4a95-931a-4af90ecb574d,https://inaturalist-open-data.s3.amazonaws.com/photos/605074440/original.jpg
/content/drive/MyDrive/terra-gbif-full/images/62dfba607318ee3c79529b136e50e432efd12662b35e8726e5e0dfe1d4802dd5.jpg,Fringilla coelebs,animals,CC-BY-4.0,Юрий Данилевский (Yuriy Danilevsky),Юрий Данилевский (Yuriy Danilevsky),5938043814,28eb1a3f-1c15-4a95-931a-4af90ecb574d,https://inaturalist-open-data.s3.amazonaws.com/photos/604778236/original.jpg
/content/drive/MyDrive/terra-gbif-full/images/d41ee0067c85822ba7301c858a7029c01693f949186e51cf987afcbf78fccd60.jpg,Fringilla coelebs,animals,CC-BY-4.0,Svend Hansen,Svend Hansen,5938043957,28eb1a3f-1c15-4a95-931a-4af90ecb574d,https://inaturalist-open-data.s3.amazonaws.com/photos/605038366/original.jpg
/content/drive/MyDrive/terra-gbif-full/images/4f3eabf4319c756ed3a337466690150cca18e699225df85ef8531c0c61b84994.jpg,Fringilla coelebs,animals,CC-BY-4.0,Svend Hansen,Svend Hansen,5938043957,28eb1a3f-1c15-4a95-931a-4af90ecb574d,https://inaturalist-open-data.s3.amazonaws.com/photos/605038375/original.jpg
/content/drive/MyDrive/terra-gbif-full/images/c5370f8092ed1833b49ee833aff586c0aabfb7e0ec1ffda3f73d14d2347f6430.jpg,Fringilla coelebs,animals,CC-BY-4.0,Svend Hansen,Svend Hansen,5938043957,28eb1a3f-1c15-4a95-931a-4af90ecb574d,https://inaturalist-open-data.s3.amazonaws.com/photos/605038382/original.jpg
/content/drive/MyDrive/terra-gbif-full/images/d682ff6e64583020eadc7d80aabbaa980c11282dc0927007ccd3be7e5ff46ef1.jpg,Fringilla coelebs,animals,CC-BY-4.0,baarttek,baarttek,5938044889,28eb1a3f-1c15-4a95-931a-4af90ecb574d,https://inaturalist-open-data.s3.amazonaws.com/photos/605378780/original.jpg
/content/drive/MyDrive/terra-gbif-full/images/5d063f2123610f7100bc9341feed4571378f934d01079ea3542cc1248a489fcc.jpg,Fringilla coelebs,animals,CC-BY-4.0,baarttek,baarttek,5938044889,28eb1a3f-1c15-4a95-931a-4af90ecb574d,https://inaturalist-open-data.s3.amazonaws.com/photos/605378789/original.jpg
/content/drive/MyDrive/terra-gbif-full/images/4ed92c00fbd27828cdd5cb35c5f7be7fa08a7ac33b0978505e766a0c0928a82f.jpg,Fringilla coelebs,animals,CC-BY-4.0,Duarte Frade,Duarte Frade,5938065025,28eb1a3f-1c15-4a95-931a-4af90ecb574d,https://inaturalist-open-data.s3.amazonaws.com/photos/605317692/original.jpg
/content/drive/MyDrive/terra-gbif-full/images/2deea52ca5ecc25b1d52996fb6b717b59acbe231f99658518ed2d801897f2586.jpg,Fringilla coelebs,animals,CC-BY-4.0,Duarte Frade,Duarte Frade,5938065025,28eb1a3f-1c15-4a95-931a-4af90ecb574d,https://inaturalist-open-data.s3.amazonaws.com/photos/605317701/original.jpg
/content/drive/MyDrive/terra-gbif-full/images/72a1e05485c68233e1a0d1921b4ff364496982c7cff4a4a973bb6603e759a450.jpg,Fringilla coelebs,animals,CC-BY-4.0,Duarte Frade,Duarte Frade,5938065025,28eb1a3f-1c15-4a95-931a-4af90ecb574d,https://inaturalist-open-data.s3.amazonaws.com/photos/605317703/original.jpg
/content/drive/MyDrive/terra-gbif-full/images/fe440f3964b5a1ed1f53d41eadafd7d7608b1db7f3be17a0f675bc7a56572334.jpg,Fringilla coelebs,animals,CC-BY-4.0,Юрий Данилевский (Yuriy Danilevsky),Юрий Данилевский (Yuriy Danilevsky),5938073979,28eb1a3f-1c15-4a95-931a-4af90ecb574d,https://inaturalist-open-data.s3.amazonaws.com/photos/604520860/original.jpg
/content/drive/MyDrive/terra-gbif-full/images/d8572375ffd6452763a8c71a9c7c4fa15bf0711a66f1d38ead257d6c5ba3d051.jpg,Fringilla coelebs,animals,CC0-1.0,Jason Thompson,Jason Thompson,5938078730,28eb1a3f-1c15-4a95-931a-4af90ecb574d,https://inaturalist-open-data.s3.amazonaws.com/photos/605363802/original.jpg
/content/drive/MyDrive/terra-gbif-full/images/ff6e4d208de0351320fa3969d56614bef1c996d57d20ec824713d44c20ef56b7.jpg,Fringilla coelebs,animals,CC-BY-4.0,tobijw,tobijw,5938086111,28eb1a3f-1c15-4a95-931a-4af90ecb574d,https://inaturalist-open-data.s3.amazonaws.com/photos/605683732/original.jpg
/content/drive/MyDrive/terra-gbif-full/images/4406a66b6d539f72b4ad66565610ed75ce417c04ca28e1b9ffa27c7d908b255c.jpg,Fringilla coelebs,animals,CC-BY-4.0,Gabriele Vaudano,Gabriele Vaudano,5938087215,28eb1a3f-1c15-4a95-931a-4af90ecb574d,https://inaturalist-open-data.s3.amazonaws.com/photos/604878517/original.jpg
/content/drive/MyDrive/terra-gbif-full/images/012d3b961a643f43a2d82a382a4c4121fd1c2abb7c4d312d6dc6208eade13ad8.jpg,Fringilla coelebs,animals,CC-BY-4.0,David Pereira,David Pereira,5938087577,28eb1a3f-1c15-4a95-931a-4af90ecb574d,https://inaturalist-open-data.s3.amazonaws.com/photos/605483869/original.jpg
/content/drive/MyDrive/terra-gbif-full/images/8c18c2e4841a79183b7bb38e184b4c451154d1837fcc15cd345056bdfdf70376.jpg,Fringilla coelebs,animals,CC-BY-4.0,Bethany Milam,Bethany Milam,5938099500,28eb1a3f-1c15-4a95-931a-4af90ecb574d,https://inaturalist-open-data.s3.amazonaws.com/photos/604621054/original.jpg
/content/drive/MyDrive/terra-gbif-full/images/e73a7e251cb0c30ee4f98d00c9d75467356a55d8cdac3151bce1e06f93e49df1.jpg,Fringilla coelebs,animals,CC-BY-4.0,Bethany Milam,Bethany Milam,5938099500,28eb1a3f-1c15-4a95-931a-4af90ecb574d,https://inaturalist-open-data.s3.amazonaws.com/photos/604621075/original.jpg
/content/drive/MyDrive/terra-gbif-full/images/8a517573cbd5af154aa8170daec2101ed0d3374d3326e3ffc3d7f6c552d7c169.jpg,Fringilla coelebs,animals,CC-BY-4.0,Bethany Milam,Bethany Milam,5938099500,28eb1a3f-1c15-4a95-931a-4af90ecb574d,https://inaturalist-open-data.s3.amazonaws.com/photos/604621034/original.jpg
/content/drive/MyDrive/terra-gbif-full/images/daba8947cdc21565cef35661c17e8d34e1f6446270e84174b41c5136c3a31e04.jpg,Fringilla coelebs,animals,CC-BY-4.0,Svend Hansen,Svend Hansen,5938102949,28eb1a3f-1c15-4a95-931a-4af90ecb574d,https://inaturalist-open-data.s3.amazonaws.com/photos/605037791/original.jpg
/content/drive/MyDrive/terra-gbif-full/images/a6c1566fa54a852ebea3930b45d73f4eb617866f8779d38023ebf39fdbb23fa3.jpg,Fringilla coelebs,animals,CC-BY-4.0,Svend Hansen,Svend Hansen,5938102949,28eb1a3f-1c15-4a95-931a-4af90ecb574d,https://inaturalist-open-data.s3.amazonaws.com/photos/605037801/original.jpg
/content/drive/MyDrive/terra-gbif-full/images/09ea523f8ff20e09716190b26359d5afec24512b89cc8175a2d0a4275e51c466.jpg,Fringilla coelebs,animals,CC-BY-4.0,Michel Frisch,Michel Frisch,5938103297,28eb1a3f-1c15-4a95-931a-4af90ecb574d,https://inaturalist-open-data.s3.amazonaws.com/photos/605315282/original.jpg
/content/drive/MyDrive/terra-gbif-full/images/e437667f4da1d17c0876e9bf9f2351544075606476a0f15c01e56aaaef483f0d.jpg,Fringilla coelebs,animals,CC-BY-4.0,Michel Frisch,Michel Frisch,5938103297,28eb1a3f-1c15-4a95-931a-4af90ecb574d,https://inaturalist-open-data.s3.amazonaws.com/photos/605315363/original.jpg
/content/drive/MyDrive/terra-gbif-full/images/3935f19fc71a93af1820a78e95830548acaa2b95dc872e4ff22b69be7b5bde55.jpg,Fringilla coelebs,animals,CC-BY-4.0,Michel Frisch,Michel Frisch,5938103297,28eb1a3f-1c15-4a95-931a-4af90ecb574d,https://inaturalist-open-data.s3.amazonaws.com/photos/605315382/original.jpg
/content/drive/MyDrive/terra-gbif-full/images/96248881b44929f96c6fa727073942c0a8da4795bafb36760aeb49262541cfbe.jpg,Fringilla coelebs,animals,CC-BY-4.0,Martin Scheidleder,Martin Scheidleder,5938107259,28eb1a3f-1c15-4a95-931a-4af90ecb574d,https://inaturalist-open-data.s3.amazonaws.com/photos/604476647/original.jpg
/content/drive/MyDrive/terra-gbif-full/images/678768e066064372028aeb50cbecb955eee3f0d16b839b737db620c6b206e1cc.jpg,Fringilla coelebs,animals,CC-BY-4.0,Martin Scheidleder,Martin Scheidleder,5938107259,28eb1a3f-1c15-4a95-931a-4af90ecb574d,https://inaturalist-open-data.s3.amazonaws.com/photos/604477641/original.jpg
/content/drive/MyDrive/terra-gbif-full/images/dcdad9e5a50aa5449431b2d59d61ebd247556c6b782ba9d5a506c2266b430974.jpg,Junco hyemalis,animals,CC-BY-4.0,Tyler,Tyler,5938027706,28eb1a3f-1c15-4a95-931a-4af90ecb574d,https://inaturalist-open-data.s3.amazonaws.com/photos/604828051/original.jpg
/content/drive/MyDrive/terra-gbif-full/images/ad7e543d35f6fb0df254fdf8dbdb042360cc0c815c66e56ced7129312463b24a.jpg,Junco hyemalis,animals,CC-BY-4.0,Tyler,Tyler,5938027706,28eb1a3f-1c15-4a95-931a-4af90ecb574d,https://inaturalist-open-data.s3.amazonaws.com/photos/604828108/original.jpg
/content/drive/MyDrive/terra-gbif-full/images/91ec3bd7c243d1fbe4b98868e9a9b2376af1788e2e09884a5a0c1e12f22bdd5c.jpg,Junco hyemalis,animals,CC0-1.0,shel kahn,shel kahn,5938027817,28eb1a3f-1c15-4a95-931a-4af90ecb574d,https://inaturalist-open-data.s3.amazonaws.com/photos/604984460/original.jpg
/content/drive/MyDrive/terra-gbif-full/images/e4ffa7b69f431ea63623ef72d222c8bcf29f7767ecf9e73f41bd003100688528.jpg,Junco hyemalis,animals,CC0-1.0,shel kahn,shel kahn,5938027817,28eb1a3f-1c15-4a95-931a-4af90ecb574d,https://inaturalist-open-data.s3.amazonaws.com/photos/604984455/original.jpg
/content/drive/MyDrive/terra-gbif-full/images/1a7433e3fdd44d97f9105975fae616ae46683af8c7d7b746902881196672c290.jpg,Junco hyemalis,animals,CC0-1.0,shel kahn,shel kahn,5938027817,28eb1a3f-1c15-4a95-931a-4af90ecb574d,https://inaturalist-open-data.s3.amazonaws.com/photos/604984462/original.jpg
/content/drive/MyDrive/terra-gbif-full/images/11752df2f9fcd1155eeea05c705cc181460a118690bc64d9d91cec54de4e2742.jpg,Junco hyemalis,animals,CC0-1.0,shel kahn,shel kahn,5938027817,28eb1a3f-1c15-4a95-931a-4af90ecb574d,https://inaturalist-open-data.s3.amazonaws.com/photos/604984466/original.jpg
/content/drive/MyDrive/terra-gbif-full/images/019978b322d9e943dd238f10706bce75b778c3ac4d47d7df3ee838884fb4c2e2.jpg,Junco hyemalis,animals,CC0-1.0,shel kahn,shel kahn,5938027817,28eb1a3f-1c15-4a95-931a-4af90ecb574d,https://inaturalist-open-data.s3.amazonaws.com/photos/604984473/original.jpg
/content/drive/MyDrive/terra-gbif-full/images/2ce56fe70c47cd5418400b28cc8322ab22f19533d29ba78df609daa2d72ae9ce.jpg,Junco hyemalis,animals,CC-BY-4.0,scaup,scaup,5938031804,28eb1a3f-1c15-4a95-931a-4af90ecb574d,https://inaturalist-open-data.s3.amazonaws.com/photos/605222600/original.jpg
/content/drive/MyDrive/terra-gbif-full/images/ad2334e9de3f5eaf5a9d659c2a3480e138cd5506cefe1c65d8088018ff8e9e82.jpg,Junco hyemalis,animals,CC0-1.0,joy4birds,joy4birds,5938032395,28eb1a3f-1c15-4a95-931a-4af90ecb574d,https://inaturalist-open-data.s3.amazonaws.com/photos/604606588/original.jpg
/content/drive/MyDrive/terra-gbif-full/images/7e99bd9f12f9bb17c8fbbb5da14712bdf8e24c858ed16aa94985e26d01a83566.jpg,Junco hyemalis,animals,CC0-1.0,Brighton Lee,Brighton Lee,5938050093,28eb1a3f-1c15-4a95-931a-4af90ecb574d,https://inaturalist-open-data.s3.amazonaws.com/photos/605703000/original.jpg
/content/drive/MyDrive/terra-gbif-full/images/62561c135b96ca6a3b48969b96708ae0f2bb672880d8d8833f8cb50bde9b10ab.jpg,Junco hyemalis,animals,CC0-1.0,Chase Harris,Chase Harris,5938064744,28eb1a3f-1c15-4a95-931a-4af90ecb574d,https://inaturalist-open-data.s3.amazonaws.com/photos/604840367/original.jpg
/content/drive/MyDrive/terra-gbif-full/images/049e3f6b15f36c5c25ea03065b49f2679bb4bcbfd2f0d9be70433fc990b4f9f5.jpg,Junco hyemalis,animals,CC-BY-4.0,David Anderson,David Anderson,5938070478,28eb1a3f-1c15-4a95-931a-4af90ecb574d,https://inaturalist-open-data.s3.amazonaws.com/photos/604923019/original.jpg
/content/drive/MyDrive/terra-gbif-full/images/e1dcb6148390bd3e9231c5e6a1e5fb41b415aa5c45ed42fa36f109f137854d34.jpg,Junco hyemalis,animals,CC-BY-4.0,ncb1221,ncb1221,5938079055,28eb1a3f-1c15-4a95-931a-4af90ecb574d,https://inaturalist-open-data.s3.amazonaws.com/photos/605711207/original.jpg
/content/drive/MyDrive/terra-gbif-full/images/c9bfdf2302ef4f8d26b972faf5383b56eaa569209a610fed0234845f4addd67c.jpg,Junco hyemalis,animals,CC0-1.0,joy4birds,joy4birds,5938083596,28eb1a3f-1c15-4a95-931a-4af90ecb574d,https://inaturalist-open-data.s3.amazonaws.com/photos/604901084/original.jpg
/content/drive/MyDrive/terra-gbif-full/images/a3d15a19df19bc9262a97b31217e607e522cd08532651679129c4ee8e25b64f1.jpg,Junco hyemalis,animals,CC0-1.0,saintaardvark,saintaardvark,5938085678,28eb1a3f-1c15-4a95-931a-4af90ecb574d,https://inaturalist-open-data.s3.amazonaws.com/photos/604837028/original.jpg
/content/drive/MyDrive/terra-gbif-full/images/6547d24cb7874afdf884af6c45df4a00c8a9b2a0f024a81b3d46e685a8290051.jpg,Junco hyemalis,animals,CC0-1.0,saintaardvark,saintaardvark,5938085678,28eb1a3f-1c15-4a95-931a-4af90ecb574d,https://inaturalist-open-data.s3.amazonaws.com/photos/604837026/original.jpg
/content/drive/MyDrive/terra-gbif-full/images/36530019720e6cd945dfa9b9ab9c1370795380de09eb09df15ba105e3e844b9c.jpg,Junco hyemalis,animals,CC0-1.0,saintaardvark,saintaardvark,5938085678,28eb1a3f-1c15-4a95-931a-4af90ecb574d,https://inaturalist-open-data.s3.amazonaws.com/photos/604837027/original.jpg
/content/drive/MyDrive/terra-gbif-full/images/66f3f9dc5af531836419e06d91f6747bbe4469fb6b696ddef5399f0772dc9ad8.jpg,Junco hyemalis,animals,CC-BY-4.0,David Dyck,David Dyck,5938094178,28eb1a3f-1c15-4a95-931a-4af90ecb574d,https://inaturalist-open-data.s3.amazonaws.com/photos/605209339/original.jpg
/content/drive/MyDrive/terra-gbif-full/images/7024b2c0f2d2a51832ded6f6289e2bc1d7e408c193f69dbc7e8c2ed2682696e6.jpg,Junco hyemalis,animals,CC-BY-4.0,Julie,Julie,5938105236,28eb1a3f-1c15-4a95-931a-4af90ecb574d,https://inaturalist-open-data.s3.amazonaws.com/photos/604582290/original.jpg
/content/drive/MyDrive/terra-gbif-full/images/fafe810bc2376c54d663312e3610c1f2717db3b5a88350678ad192c1dcbf819f.jpg,Junco hyemalis,animals,CC-BY-4.0,Chris Stahl,Chris Stahl,5938110367,28eb1a3f-1c15-4a95-931a-4af90ecb574d,https://inaturalist-open-data.s3.amazonaws.com/photos/605680837/original.jpg
/content/drive/MyDrive/terra-gbif-full/images/84edbd62414c5e6540f81d564f119b250d067ba1cdd9c56af9839909d340005f.jpg,Junco hyemalis,animals,CC-BY-4.0,Chris Stahl,Chris Stahl,5938110367,28eb1a3f-1c15-4a95-931a-4af90ecb574d,https://inaturalist-open-data.s3.amazonaws.com/photos/605680834/original.jpg
/content/drive/MyDrive/terra-gbif-full/images/ea61bc30fd3f1ed93f2a169257c86f3f55adae8e972021c9355eea66bd5bc0e4.jpg,Junco hyemalis,animals,CC-BY-4.0,Chris Stahl,Chris Stahl,5938110367,28eb1a3f-1c15-4a95-931a-4af90ecb574d,https://inaturalist-open-data.s3.amazonaws.com/photos/605680838/original.jpg
/content/drive/MyDrive/terra-gbif-full/images/80a955176d3f3a0b7385b7bebbefc751c73ff9b6c3449f39bb2f299ed359b0ec.jpg,Junco hyemalis,animals,CC-BY-4.0,Chris Stahl,Chris Stahl,5938110367,28eb1a3f-1c15-4a95-931a-4af90ecb574d,https://inaturalist-open-data.s3.amazonaws.com/photos/605680839/original.jpg
/content/drive/MyDrive/terra-gbif-full/images/12c5c1f80104dc465682b7d53a08d445094dee90d46c1a87fc8134ae67aa1360.jpg,Junco hyemalis,animals,CC-BY-4.0,Chris Stahl,Chris Stahl,5938110367,28eb1a3f-1c15-4a95-931a-4af90ecb574d,https://inaturalist-open-data.s3.amazonaws.com/photos/605680840/original.jpg
/content/drive/MyDrive/terra-gbif-full/images/fcb0764f6b918abf344e5443eaad8c1b2b5251747b80e6f6f0dbc2912ddb2ee4.jpg,Junco hyemalis,animals,CC-BY-4.0,Jeff Bartlett,Jeff Bartlett,5938116772,28eb1a3f-1c15-4a95-931a-4af90ecb574d,https://inaturalist-open-data.s3.amazonaws.com/photos/604846413/original.jpg
/content/drive/MyDrive/terra-gbif-full/images/c824df6f9e8e091581c4792206c1927ca5e776964d5209c5e68a92c839acdcba.jpg,Sciurus carolinensis,animals,CC-BY-4.0,foxsu,foxsu,5938031724,28eb1a3f-1c15-4a95-931a-4af90ecb574d,https://inaturalist-open-data.s3.amazonaws.com/photos/605119576/original.jpg
/content/drive/MyDrive/terra-gbif-full/images/dcdd3edde25f594f60256b13ee01ead781d224537618c53e4a140288f524af54.jpg,Sciurus carolinensis,animals,CC0-1.0,Charles Joynson,Charles Joynson,5938036600,28eb1a3f-1c15-4a95-931a-4af90ecb574d,https://inaturalist-open-data.s3.amazonaws.com/photos/605069203/original.jpg
/content/drive/MyDrive/terra-gbif-full/images/f4e3e03ec59f5329701aada1aea44dd67b1fe8da5f3a12ec6ce6adb74ff98a9e.jpg,Sciurus carolinensis,animals,CC0-1.0,Charles Joynson,Charles Joynson,5938036600,28eb1a3f-1c15-4a95-931a-4af90ecb574d,https://inaturalist-open-data.s3.amazonaws.com/photos/605069212/original.jpg
/content/drive/MyDrive/terra-gbif-full/images/65605b4157bdc7803bc0d8f4203237b97a9a7b9457ac1de967ed1f497012db14.jpg,Sciurus carolinensis,animals,CC0-1.0,Charles Joynson,Charles Joynson,5938036600,28eb1a3f-1c15-4a95-931a-4af90ecb574d,https://inaturalist-open-data.s3.amazonaws.com/photos/605069227/original.jpg
/content/drive/MyDrive/terra-gbif-full/images/6892c7e651ac265ee3a281c4086e99da5c2264d92e74588bffd1a7d63bb4a07e.jpg,Sciurus carolinensis,animals,CC-BY-4.0,Holly Hodges,Holly Hodges,5938070721,28eb1a3f-1c15-4a95-931a-4af90ecb574d,https://inaturalist-open-data.s3.amazonaws.com/photos/605396816/original.jpg
/content/drive/MyDrive/terra-gbif-full/images/1064f592aab73de2a7f8f780938176d66c7fe57bdba89e2bb8bff4d212fe1fb8.jpg,Sciurus carolinensis,animals,CC-BY-4.0,Holly Hodges,Holly Hodges,5938070721,28eb1a3f-1c15-4a95-931a-4af90ecb574d,https://inaturalist-open-data.s3.amazonaws.com/photos/605396814/original.jpg
/content/drive/MyDrive/terra-gbif-full/images/581fbcb16f3d752f32b260b6ad55a7fd3b10c94435cb6fec5a033b6d10403612.jpg,Sciurus carolinensis,animals,CC-BY-4.0,Jon Mortin,Jon Mortin,5938078574,28eb1a3f-1c15-4a95-931a-4af90ecb574d,https://inaturalist-open-data.s3.amazonaws.com/photos/605690728/original.jpg
/content/drive/MyDrive/terra-gbif-full/images/e6f1a1d5a7c922142370fe9c13d286b0055314852d0272b0505ea36060fde1a2.jpg,Sciurus carolinensis,animals,CC-BY-4.0,Barrett Coller Jr.,Barrett Coller Jr.,5938100879,28eb1a3f-1c15-4a95-931a-4af90ecb574d,https://inaturalist-open-data.s3.amazonaws.com/photos/604858782/original.jpg
/content/drive/MyDrive/terra-gbif-full/images/b729d3aa290f985eead18bb26e9f25039161de55522b1e6a3ee0a264d23fc0a5.jpg,Sciurus carolinensis,animals,CC-BY-4.0,crowfoolery,crowfoolery,5938101683,28eb1a3f-1c15-4a95-931a-4af90ecb574d,https://inaturalist-open-data.s3.amazonaws.com/photos/605699098/original.jpg
/content/drive/MyDrive/terra-gbif-full/images/31afba011f6e54b5bc37d4c88ad9c9b93515b65e9ecf5f255bb81298618f2dbd.jpg,Sciurus carolinensis,animals,CC-BY-4.0,Cara Ennis,Cara Ennis,5938118896,28eb1a3f-1c15-4a95-931a-4af90ecb574d,https://inaturalist-open-data.s3.amazonaws.com/photos/605660811/original.jpg
/content/drive/MyDrive/terra-gbif-full/images/3298dcfead2d72410f43493c1943543419a401f6c4e24fd3f3decd0381ff9e30.jpg,Sciurus carolinensis,animals,CC-BY-4.0,Cara Ennis,Cara Ennis,5938118896,28eb1a3f-1c15-4a95-931a-4af90ecb574d,https://inaturalist-open-data.s3.amazonaws.com/photos/605660763/original.jpg
/content/drive/MyDrive/terra-gbif-full/images/155ef3defaf83a0efb799c751ed8cef43c221ad69f3797dc3749ba10505c17b9.jpg,Sciurus carolinensis,animals,CC-BY-4.0,Cara Ennis,Cara Ennis,5938118896,28eb1a3f-1c15-4a95-931a-4af90ecb574d,https://inaturalist-open-data.s3.amazonaws.com/photos/605660788/original.jpg
/content/drive/MyDrive/terra-gbif-full/images/36b810d24aad20418f5dd1c01e57c23d67c03f97ccc100e36210e4a0b9a25950.jpg,Sciurus carolinensis,animals,CC0-1.0,hitchco,hitchco,5938132902,28eb1a3f-1c15-4a95-931a-4af90ecb574d,https://inaturalist-open-data.s3.amazonaws.com/photos/604541666/original.jpg
/content/drive/MyDrive/terra-gbif-full/images/312f2f77bf983b8453d2bb4239d5d90b96efd6d099a62c0837cff01c0fe6ed89.jpg,Sciurus carolinensis,animals,CC-BY-4.0,Nick Tobler (Cowturtle),Nick Tobler (Cowturtle),5938135190,28eb1a3f-1c15-4a95-931a-4af90ecb574d,https://inaturalist-open-data.s3.amazonaws.com/photos/605170352/original.jpg
/content/drive/MyDrive/terra-gbif-full/images/6a7981ac7c9d159505a4b7a4ac60c8a072ca75a5d4266252093260857d89215a.jpg,Sciurus carolinensis,animals,CC-BY-4.0,Nick Tobler (Cowturtle),Nick Tobler (Cowturtle),5938135190,28eb1a3f-1c15-4a95-931a-4af90ecb574d,https://inaturalist-open-data.s3.amazonaws.com/photos/605170384/original.jpg
/content/drive/MyDrive/terra-gbif-full/images/2fc8529f653a8317e9c2a5446bdf5f77c2ba5497bb7d4f63ae832d67533a656d.jpg,Sciurus carolinensis,animals,CC-BY-4.0,Nick Tobler (Cowturtle),Nick Tobler (Cowturtle),5938135190,28eb1a3f-1c15-4a95-931a-4af90ecb574d,https://inaturalist-open-data.s3.amazonaws.com/photos/605170426/original.jpg
/content/drive/MyDrive/terra-gbif-full/images/9955acc5ce9902126d7ac511d1cc41e2330592d2f52b14f5aa817869b5cd410c.jpg,Sciurus carolinensis,animals,CC-BY-4.0,Nick Tobler (Cowturtle),Nick Tobler (Cowturtle),5938135190,28eb1a3f-1c15-4a95-931a-4af90ecb574d,https://inaturalist-open-data.s3.amazonaws.com/photos/605170446/original.jpg
/content/drive/MyDrive/terra-gbif-full/images/a019cabb7467e0467ffd19063828a89d401a82c771bd05c49393f056e72ee7ce.jpg,Sciurus carolinensis,animals,CC-BY-4.0,Nick Tobler (Cowturtle),Nick Tobler (Cowturtle),5938135190,28eb1a3f-1c15-4a95-931a-4af90ecb574d,https://inaturalist-open-data.s3.amazonaws.com/photos/605170490/original.jpg
/content/drive/MyDrive/terra-gbif-full/images/98bd9ea5ac5174f0cdc0243c33c76774a62da59e757d50c21a7bb21e6da71ec9.jpg,Sciurus carolinensis,animals,CC-BY-4.0,Rowan Fehr,Rowan Fehr,5938150072,28eb1a3f-1c15-4a95-931a-4af90ecb574d,https://inaturalist-open-data.s3.amazonaws.com/photos/604564157/original.jpg
/content/drive/MyDrive/terra-gbif-full/images/338834a2d640a30dd5cd10d1821ac7271f0b0c318c2ab739e77c22942b274e9c.jpg,Sciurus carolinensis,animals,CC-BY-4.0,Rowan Fehr,Rowan Fehr,5938150072,28eb1a3f-1c15-4a95-931a-4af90ecb574d,https://inaturalist-open-data.s3.amazonaws.com/photos/604564156/original.jpg
/content/drive/MyDrive/terra-gbif-full/images/2d23bbfde8c0345b4a5f31ecf4a5c955bc625fce1130f3035d7e6a1d2dca418f.jpg,Sciurus carolinensis,animals,CC-BY-4.0,Becky Hamilton,Becky Hamilton,5938160195,28eb1a3f-1c15-4a95-931a-4af90ecb574d,https://inaturalist-open-data.s3.amazonaws.com/photos/604457549/original.jpg
/content/drive/MyDrive/terra-gbif-full/images/87053387f5d4cbe0c18f286a3c48ac458cb38b7e724584aa9cd5cf9b324dd90f.jpg,Sciurus carolinensis,animals,CC0-1.0,Carter Dorscht,Carter Dorscht,5938183432,28eb1a3f-1c15-4a95-931a-4af90ecb574d,https://inaturalist-open-data.s3.amazonaws.com/photos/604492498/original.jpg
/content/drive/MyDrive/terra-gbif-full/images/14a0ab9dd10fe9363f2f90d0a81fc29a69d2ed6982cb62b0874c04399c455c87.jpg,Sciurus carolinensis,animals,CC-BY-4.0,Blake Ross,Blake Ross,5938183464,28eb1a3f-1c15-4a95-931a-4af90ecb574d,https://inaturalist-open-data.s3.amazonaws.com/photos/604550645/original.jpg
/content/drive/MyDrive/terra-gbif-full/images/0723302449a8ed93b0e462326ac29405c8543549333b052404c039e460c6c223.jpg,Sciurus carolinensis,animals,CC0-1.0,JD Flores,JD Flores,5938183707,28eb1a3f-1c15-4a95-931a-4af90ecb574d,https://inaturalist-open-data.s3.amazonaws.com/photos/605451030/original.jpg
/content/drive/MyDrive/terra-gbif-full/images/e32f59f6ad4f1da1389f3adbe81b93b7c88623784578f002b07fdfb89a1ced03.jpg,Sciurus carolinensis,animals,CC0-1.0,JD Flores,JD Flores,5938183707,28eb1a3f-1c15-4a95-931a-4af90ecb574d,https://inaturalist-open-data.s3.amazonaws.com/photos/605451129/original.jpg
/content/drive/MyDrive/terra-gbif-full/images/2b09bfdf50abbb0e3a3796df83af36c4a7dbfa94994431f059477659aa3e5e8e.jpg,Cardinalis cardinalis,animals,CC-BY-4.0,Andrew Murray,Andrew Murray,5938044216,28eb1a3f-1c15-4a95-931a-4af90ecb574d,https://inaturalist-open-data.s3.amazonaws.com/photos/605459667/original.jpg
/content/drive/MyDrive/terra-gbif-full/images/d23b745d4765211686c87df6b310e66ecafc187a988212e3b3fed82ef2cafe34.jpg,Cardinalis cardinalis,animals,CC-BY-4.0,Derek Duplessis,Derek Duplessis,5938050910,28eb1a3f-1c15-4a95-931a-4af90ecb574d,https://inaturalist-open-data.s3.amazonaws.com/photos/604823092/original.jpg
/content/drive/MyDrive/terra-gbif-full/images/7303be29955015091dcbd9362b3befc078750df33798b0a59a913ede4c538e98.jpg,Cardinalis cardinalis,animals,CC-BY-4.0,Andre Knocklein,Andre Knocklein,5938063450,28eb1a3f-1c15-4a95-931a-4af90ecb574d,https://inaturalist-open-data.s3.amazonaws.com/photos/605363129/original.jpg
/content/drive/MyDrive/terra-gbif-full/images/67b5bb4dc35050843014e251e1161f01500561d9e399d73cfb65199c4f9c5de7.jpg,Cardinalis cardinalis,animals,CC-BY-4.0,Suanne Pyle,Suanne Pyle,5938074236,28eb1a3f-1c15-4a95-931a-4af90ecb574d,https://inaturalist-open-data.s3.amazonaws.com/photos/605115957/original.jpg
/content/drive/MyDrive/terra-gbif-full/images/ad9c6151e4eafe28852653690f7c6fabf38089bcdf90472eb9ce4330d47a0cc0.jpg,Cardinalis cardinalis,animals,CC0-1.0,joy4birds,joy4birds,5938078404,28eb1a3f-1c15-4a95-931a-4af90ecb574d,https://inaturalist-open-data.s3.amazonaws.com/photos/604902070/original.jpg
/content/drive/MyDrive/terra-gbif-full/images/9b9fc1520039a7cf87905a6d4118911e2af2f3073a8721f85cc29eedf32c2cb0.jpg,Cardinalis cardinalis,animals,CC-BY-4.0,Steve Young,Steve Young,5938086215,28eb1a3f-1c15-4a95-931a-4af90ecb574d,https://inaturalist-open-data.s3.amazonaws.com/photos/605216364/original.jpg
/content/drive/MyDrive/terra-gbif-full/images/61c93bf76e60c05729b96cc4d5481d6bf9b0ef7237c2406527add73b7e8fb968.jpg,Cardinalis cardinalis,animals,CC-BY-4.0,Megan Bolcar,Megan Bolcar,5938087056,28eb1a3f-1c15-4a95-931a-4af90ecb574d,https://inaturalist-open-data.s3.amazonaws.com/photos/604510506/original.jpg
/content/drive/MyDrive/terra-gbif-full/images/6f5e322c8e2ac6024b8053e506f9c7af535f3b81ab0eea7719f08dccbed1912c.jpg,Cardinalis cardinalis,animals,CC-BY-4.0,InAweofGod'sCreation,InAweofGod'sCreation,5938092609,28eb1a3f-1c15-4a95-931a-4af90ecb574d,https://inaturalist-open-data.s3.amazonaws.com/photos/605716123/original.jpg
/content/drive/MyDrive/terra-gbif-full/images/4a4f173490135155e54ac4f5119b9c933010843d485f972a0dfd98ab55c57cad.jpg,Cardinalis cardinalis,animals,CC-BY-4.0,InAweofGod'sCreation,InAweofGod'sCreation,5938092609,28eb1a3f-1c15-4a95-931a-4af90ecb574d,https://inaturalist-open-data.s3.amazonaws.com/photos/605716029/original.jpg
/content/drive/MyDrive/terra-gbif-full/images/084eb92999424b516647809be67c0fcd2335e57e670e96e8c733c61aabd56631.jpg,Cardinalis cardinalis,animals,CC-BY-4.0,Phoenix M.S,Phoenix M.S,5938098568,28eb1a3f-1c15-4a95-931a-4af90ecb574d,https://inaturalist-open-data.s3.amazonaws.com/photos/604776315/original.jpg
/content/drive/MyDrive/terra-gbif-full/images/8272f3808d2d4f2b890571a80928853ab97fc6367d94c1bc2dfc38ff22cc0566.jpg,Cardinalis cardinalis,animals,CC-BY-4.0,Phoenix M.S,Phoenix M.S,5938098568,28eb1a3f-1c15-4a95-931a-4af90ecb574d,https://inaturalist-open-data.s3.amazonaws.com/photos/604776341/original.jpg
/content/drive/MyDrive/terra-gbif-full/images/145a7f76207903447c709ff0ce2c6ba8d41c751a36483a0c8dd75302dcf0020c.jpg,Cardinalis cardinalis,animals,CC-BY-4.0,Phoenix M.S,Phoenix M.S,5938098568,28eb1a3f-1c15-4a95-931a-4af90ecb574d,https://inaturalist-open-data.s3.amazonaws.com/photos/604780323/original.jpg
/content/drive/MyDrive/terra-gbif-full/images/2645bd729d0470962b79c251178939dc194c695694965f293dc5fd7473ca094a.jpg,Cardinalis cardinalis,animals,CC-BY-4.0,Linda Jo Conn,Linda Jo Conn,5938118095,28eb1a3f-1c15-4a95-931a-4af90ecb574d,https://inaturalist-open-data.s3.amazonaws.com/photos/604928610/original.jpg
/content/drive/MyDrive/terra-gbif-full/images/8a5610db79a19b1f52175b8c61c10c697866192d6a0648b34a55d623eaf72515.jpg,Cardinalis cardinalis,animals,CC-BY-4.0,Linda Jo Conn,Linda Jo Conn,5938118095,28eb1a3f-1c15-4a95-931a-4af90ecb574d,https://inaturalist-open-data.s3.amazonaws.com/photos/604928620/original.jpg
/content/drive/MyDrive/terra-gbif-full/images/20774c1838e4ba7c0428d431f0ff70ca5883f332c1c25f3a72b922522c3dfa01.jpg,Cardinalis cardinalis,animals,CC-BY-4.0,Linda Jo Conn,Linda Jo Conn,5938118095,28eb1a3f-1c15-4a95-931a-4af90ecb574d,https://inaturalist-open-data.s3.amazonaws.com/photos/604928592/original.jpg
/content/drive/MyDrive/terra-gbif-full/images/df5b62f04a76537d772b61efb111009af751b67cdd1232a733d908ebecbd08c1.jpg,Cardinalis cardinalis,animals,CC0-1.0,Karen Burns Ball,Karen Burns Ball,5938120705,28eb1a3f-1c15-4a95-931a-4af90ecb574d,https://inaturalist-open-data.s3.amazonaws.com/photos/604844228/original.jpg
/content/drive/MyDrive/terra-gbif-full/images/9b16f6a40f962dc5561aba04ae3f18732fb49d1b98e57b3c58f50a5b96957635.jpg,Cardinalis cardinalis,animals,CC-BY-4.0,Sandy Wolkenberg,Sandy Wolkenberg,5938120960,28eb1a3f-1c15-4a95-931a-4af90ecb574d,https://inaturalist-open-data.s3.amazonaws.com/photos/604932483/original.jpg
/content/drive/MyDrive/terra-gbif-full/images/70455a5a246a69d4851a08f8aaa0a3be52d3a12915d5df82c73006a7759125ff.jpg,Cardinalis cardinalis,animals,CC-BY-4.0,Chris Stahl,Chris Stahl,5938129523,28eb1a3f-1c15-4a95-931a-4af90ecb574d,https://inaturalist-open-data.s3.amazonaws.com/photos/604620942/original.jpg
/content/drive/MyDrive/terra-gbif-full/images/aaf930c415b26052a353c702fe6576fcef297cd6dfd34ab5bbaba6c9ea15a5dc.jpg,Cardinalis cardinalis,animals,CC-BY-4.0,Chris Stahl,Chris Stahl,5938129523,28eb1a3f-1c15-4a95-931a-4af90ecb574d,https://inaturalist-open-data.s3.amazonaws.com/photos/604620939/original.jpg
/content/drive/MyDrive/terra-gbif-full/images/37b1b1f9478453fafccc60bac45e87bdcc147ba0bd036727b28eff574814637f.jpg,Cardinalis cardinalis,animals,CC-BY-4.0,Chris Stahl,Chris Stahl,5938129523,28eb1a3f-1c15-4a95-931a-4af90ecb574d,https://inaturalist-open-data.s3.amazonaws.com/photos/604620945/original.jpg
/content/drive/MyDrive/terra-gbif-full/images/84c0517120aa04709386bd353c7c3eea214de7ab617f18e03d9d25f91afe6306.jpg,Cardinalis cardinalis,animals,CC-BY-4.0,Sandy Wolkenberg,Sandy Wolkenberg,5938131077,28eb1a3f-1c15-4a95-931a-4af90ecb574d,https://inaturalist-open-data.s3.amazonaws.com/photos/605209180/original.jpg
/content/drive/MyDrive/terra-gbif-full/images/78b669db33b909798824a36189681e57cfd712d32ddb3705f53a9792d399d380.jpg,Cardinalis cardinalis,animals,CC-BY-4.0,Sandy Wolkenberg,Sandy Wolkenberg,5938131077,28eb1a3f-1c15-4a95-931a-4af90ecb574d,https://inaturalist-open-data.s3.amazonaws.com/photos/605209153/original.jpg
/content/drive/MyDrive/terra-gbif-full/images/8918701041d82a3d801c86568cd623bc0e13d62517212bd127a41e666461ba2e.jpg,Cardinalis cardinalis,animals,CC-BY-4.0,Suanne Pyle,Suanne Pyle,5938131737,28eb1a3f-1c15-4a95-931a-4af90ecb574d,https://inaturalist-open-data.s3.amazonaws.com/photos/605222919/original.jpg
/content/drive/MyDrive/terra-gbif-full/images/eb8d5cd6b8b1643cce6d7a05de45e46db6f997b08a90f61db6902b96c52bca60.jpg,Cardinalis cardinalis,animals,CC-BY-4.0,Blake Ross,Blake Ross,5938142558,28eb1a3f-1c15-4a95-931a-4af90ecb574d,https://inaturalist-open-data.s3.amazonaws.com/photos/604550483/original.jpg
/content/drive/MyDrive/terra-gbif-full/images/6b959b4510cc662ad6b89487442e51907e3d7c51854edbd85287afaa3a697195.jpg,Cardinalis cardinalis,animals,CC0-1.0,joy4birds,joy4birds,5938142658,28eb1a3f-1c15-4a95-931a-4af90ecb574d,https://inaturalist-open-data.s3.amazonaws.com/photos/604606873/original.jpg
/content/drive/MyDrive/terra-gbif-full/images/935efd0061f475c114996cbb172a5794783d6a8bd9634b4643d278e5dd5bb573.jpg,Sturnus vulgaris,animals,CC-BY-4.0,Sheila S,Sheila S,5938030215,28eb1a3f-1c15-4a95-931a-4af90ecb574d,https://inaturalist-open-data.s3.amazonaws.com/photos/605095157/original.jpg
/content/drive/MyDrive/terra-gbif-full/images/e8e83de991bb852d2e50e278ef43b8dd9cec4810f0f5b7845211b2650758a868.jpg,Sturnus vulgaris,animals,CC-BY-4.0,Sheila S,Sheila S,5938030215,28eb1a3f-1c15-4a95-931a-4af90ecb574d,https://inaturalist-open-data.s3.amazonaws.com/photos/605095155/original.jpg
/content/drive/MyDrive/terra-gbif-full/images/e7b38de19937135eaa304e2cf54fcf27b34a89acfb92702cc5eee48c73dea8c2.jpg,Sturnus vulgaris,animals,CC-BY-4.0,Sheila S,Sheila S,5938030215,28eb1a3f-1c15-4a95-931a-4af90ecb574d,https://inaturalist-open-data.s3.amazonaws.com/photos/605095152/original.jpg
/content/drive/MyDrive/terra-gbif-full/images/0cb1d2f00068ec1942a3d8e859652916033f82e7bfcaeb7cc6f400b3616c042e.jpg,Sturnus vulgaris,animals,CC-BY-4.0,Chris Stahl,Chris Stahl,5938036782,28eb1a3f-1c15-4a95-931a-4af90ecb574d,https://inaturalist-open-data.s3.amazonaws.com/photos/605165133/original.jpg
/content/drive/MyDrive/terra-gbif-full/images/87dd2eb7017dde9a6f33de416bd0f2e0acb8f1a36dc70d404dca94fd585377df.jpg,Sturnus vulgaris,animals,CC-BY-4.0,Chris Stahl,Chris Stahl,5938036782,28eb1a3f-1c15-4a95-931a-4af90ecb574d,https://inaturalist-open-data.s3.amazonaws.com/photos/605165131/original.jpg
/content/drive/MyDrive/terra-gbif-full/images/6203cf2ffc53bb9d5377a74c20b1f9df376d4382e3ade3e00834f09904d888b5.jpg,Sturnus vulgaris,animals,CC-BY-4.0,Chris Stahl,Chris Stahl,5938036782,28eb1a3f-1c15-4a95-931a-4af90ecb574d,https://inaturalist-open-data.s3.amazonaws.com/photos/605165132/original.jpg
/content/drive/MyDrive/terra-gbif-full/images/56babbff84cf8ddc943e5630baeef3e4a1b862c391c0e1362a9d1c7f07877a08.jpg,Sturnus vulgaris,animals,CC-BY-4.0,Andrew Skotnicki,Andrew Skotnicki,5938044291,28eb1a3f-1c15-4a95-931a-4af90ecb574d,https://inaturalist-open-data.s3.amazonaws.com/photos/605599022/original.jpg
/content/drive/MyDrive/terra-gbif-full/images/897d8ade30d2ef93ab1179f6a1a33ae1e0d55d673e9e9d7d0225308a91cb311a.jpg,Sturnus vulgaris,animals,CC-BY-4.0,Priya Sandhu,Priya Sandhu,5938050872,28eb1a3f-1c15-4a95-931a-4af90ecb574d,https://inaturalist-open-data.s3.amazonaws.com/photos/604749109/original.jpg
/content/drive/MyDrive/terra-gbif-full/images/1f3ffbcd69ecbaa609fb6d4514b276d749cb3407db36c01b055e5a395d4e26ac.jpg,Sturnus vulgaris,animals,CC-BY-4.0,Priya Sandhu,Priya Sandhu,5938050872,28eb1a3f-1c15-4a95-931a-4af90ecb574d,https://inaturalist-open-data.s3.amazonaws.com/photos/604749172/original.jpg
/content/drive/MyDrive/terra-gbif-full/images/3034e737c2d690e8951a033bb6e7f221e69794f99663eb94ff8bbd84b552de8b.jpg,Sturnus vulgaris,animals,CC-BY-4.0,Priya Sandhu,Priya Sandhu,5938050872,28eb1a3f-1c15-4a95-931a-4af90ecb574d,https://inaturalist-open-data.s3.amazonaws.com/photos/604749223/original.jpg
/content/drive/MyDrive/terra-gbif-full/images/d85a3186250871101d1cd872410631cc9cf723710e0e8121a11018bf9c95ee59.jpg,Sturnus vulgaris,animals,CC-BY-4.0,Priya Sandhu,Priya Sandhu,5938050872,28eb1a3f-1c15-4a95-931a-4af90ecb574d,https://inaturalist-open-data.s3.amazonaws.com/photos/604749177/original.jpg
/content/drive/MyDrive/terra-gbif-full/images/9743695686b5d2476060ff0d736700e65b68b59d5f5a174556cc63aae4573528.jpg,Sturnus vulgaris,animals,CC-BY-4.0,Priya Sandhu,Priya Sandhu,5938050872,28eb1a3f-1c15-4a95-931a-4af90ecb574d,https://inaturalist-open-data.s3.amazonaws.com/photos/604749133/original.jpg
/content/drive/MyDrive/terra-gbif-full/images/8bd07b7856e1f826ab5e25493a9f8cdb8977b59f7ae8d5b030bf6c378d6d964c.jpg,Sturnus vulgaris,animals,CC-BY-4.0,Priya Sandhu,Priya Sandhu,5938050872,28eb1a3f-1c15-4a95-931a-4af90ecb574d,https://inaturalist-open-data.s3.amazonaws.com/photos/604749153/original.jpg
/content/drive/MyDrive/terra-gbif-full/images/d0a330bc4638404bd67718bfb233c9d1e3234438681371522539414142e54d2d.jpg,Sturnus vulgaris,animals,CC-BY-4.0,William Harland,William Harland,5938065177,28eb1a3f-1c15-4a95-931a-4af90ecb574d,https://inaturalist-open-data.s3.amazonaws.com/photos/605542927/original.jpg
/content/drive/MyDrive/terra-gbif-full/images/fe142cebfc6def86f58be54dc4dcf8a12d0b4ee42acf976e486c55911b34f72d.jpg,Sturnus vulgaris,animals,CC-BY-4.0,Suanne Pyle,Suanne Pyle,5938082771,28eb1a3f-1c15-4a95-931a-4af90ecb574d,https://inaturalist-open-data.s3.amazonaws.com/photos/605149474/original.jpg
/content/drive/MyDrive/terra-gbif-full/images/a96bf4be1d14185ab763f8087ad98cf265d05d0a9761990f14fac04f914bac4b.jpg,Sturnus vulgaris,animals,CC0-1.0,joy4birds,joy4birds,5938089232,28eb1a3f-1c15-4a95-931a-4af90ecb574d,https://inaturalist-open-data.s3.amazonaws.com/photos/604903962/original.jpg
/content/drive/MyDrive/terra-gbif-full/images/54e77d3c40759b8801bc242a059c304a0bb9afb7ae09256b7363e9d1a5c53d61.jpg,Sturnus vulgaris,animals,CC0-1.0,joy4birds,joy4birds,5938089232,28eb1a3f-1c15-4a95-931a-4af90ecb574d,https://inaturalist-open-data.s3.amazonaws.com/photos/604903992/original.jpg
/content/drive/MyDrive/terra-gbif-full/images/2560986f027640df0fec41d0caf2f9f4faa18e2ebe2a9987bde4c496db6c69a1.jpg,Sturnus vulgaris,animals,CC-BY-SA-4.0,suntooth,suntooth,5938109043,28eb1a3f-1c15-4a95-931a-4af90ecb574d,https://inaturalist-open-data.s3.amazonaws.com/photos/604758506/original.jpg
/content/drive/MyDrive/terra-gbif-full/images/bd2c8b29a9c5cc3c92aef0965e43c02ccf0ee7ebb5c3946c0745a98ccdcf1162.jpg,Sturnus vulgaris,animals,CC-BY-SA-4.0,suntooth,suntooth,5938109043,28eb1a3f-1c15-4a95-931a-4af90ecb574d,https://inaturalist-open-data.s3.amazonaws.com/photos/604758548/original.jpg
/content/drive/MyDrive/terra-gbif-full/images/02e52495d5a4175d677f9ad6b24478a05e49e787cd6f3aa7833d654cb1d92903.jpg,Sturnus vulgaris,animals,CC-BY-4.0,SIA,SIA,5938118328,28eb1a3f-1c15-4a95-931a-4af90ecb574d,https://inaturalist-open-data.s3.amazonaws.com/photos/604790650/original.jpg
/content/drive/MyDrive/terra-gbif-full/images/a87be4fa654b0c44a7055ccb1733c3dd0910f8d205bbf1bedd35c799cb8c49e5.jpg,Sturnus vulgaris,animals,CC-BY-4.0,le0p0ld_d,le0p0ld_d,5938142809,28eb1a3f-1c15-4a95-931a-4af90ecb574d,https://inaturalist-open-data.s3.amazonaws.com/photos/605042384/original.jpg
/content/drive/MyDrive/terra-gbif-full/images/df931b2ad696b4f966457d593474211342f71dbbbc39e9e4268f8d6f08442b63.jpg,Sturnus vulgaris,animals,CC0-1.0,shel kahn,shel kahn,5938145639,28eb1a3f-1c15-4a95-931a-4af90ecb574d,https://inaturalist-open-data.s3.amazonaws.com/photos/604984446/original.jpg
/content/drive/MyDrive/terra-gbif-full/images/04eca1da6379c5f591264c1f3a971786b5284383005c6c01cb0a1f2942585f0f.jpg,Sturnus vulgaris,animals,CC0-1.0,shel kahn,shel kahn,5938145639,28eb1a3f-1c15-4a95-931a-4af90ecb574d,https://inaturalist-open-data.s3.amazonaws.com/photos/604984453/original.jpg
/content/drive/MyDrive/terra-gbif-full/images/faf00ae38ef4570aee5ee5aafea4424e90397a0fe71ac7ed5d104cce0a855455.jpg,Sturnus vulgaris,animals,CC0-1.0,shel kahn,shel kahn,5938145639,28eb1a3f-1c15-4a95-931a-4af90ecb574d,https://inaturalist-open-data.s3.amazonaws.com/photos/604984454/original.jpg
/content/drive/MyDrive/terra-gbif-full/images/af594da50a2659de47643d3e8fe034047a53d2c174f57ea41a12e7efa5cadaa7.jpg,Sturnus vulgaris,animals,CC0-1.0,shel kahn,shel kahn,5938145639,28eb1a3f-1c15-4a95-931a-4af90ecb574d,https://inaturalist-open-data.s3.amazonaws.com/photos/604984445/original.jpg
/content/drive/MyDrive/terra-gbif-full/images/841755210f275db1436731b8ba3e348c2dcdbf7052eb06d3229fd854b5da43b5.jpg,Poecile atricapillus,animals,CC-BY-4.0,Jason Grant,Jason Grant,5938029842,28eb1a3f-1c15-4a95-931a-4af90ecb574d,https://inaturalist-open-data.s3.amazonaws.com/photos/604639456/original.jpg
/content/drive/MyDrive/terra-gbif-full/images/239d8a8325882078b112bb627e0004da252dec71b96fbb77c6a882bafc5701b0.jpg,Poecile atricapillus,animals,CC-BY-4.0,Andrew Still,Andrew Still,5938031091,28eb1a3f-1c15-4a95-931a-4af90ecb574d,https://inaturalist-open-data.s3.amazonaws.com/photos/605523437/original.jpg
/content/drive/MyDrive/terra-gbif-full/images/397a77965fbe8f37d554d141caf28befb5dc9f372e75f99d8200fe8bce49c02e.jpg,Poecile atricapillus,animals,CC-BY-4.0,David Dyck,David Dyck,5938036040,28eb1a3f-1c15-4a95-931a-4af90ecb574d,https://inaturalist-open-data.s3.amazonaws.com/photos/605210813/original.jpg
/content/drive/MyDrive/terra-gbif-full/images/18b197b8cb3d2c5ae6845fe993999fb556030e3faeb894868228c48ba3216467.jpg,Poecile atricapillus,animals,CC-BY-4.0,David Dyck,David Dyck,5938036040,28eb1a3f-1c15-4a95-931a-4af90ecb574d,https://inaturalist-open-data.s3.amazonaws.com/photos/605210827/original.jpg
/content/drive/MyDrive/terra-gbif-full/images/e06a9c7cdeb7f271c9a0cc27f812c14db0b1c5c5376e8ebd787d50fda0c8e2b8.jpg,Poecile atricapillus,animals,CC0-1.0,joy4birds,joy4birds,5938036159,28eb1a3f-1c15-4a95-931a-4af90ecb574d,https://inaturalist-open-data.s3.amazonaws.com/photos/605444105/original.jpg
/content/drive/MyDrive/terra-gbif-full/images/cc9eeda37d8faf04232478becfb3bcda9730ec9e34f959d39e29750a252713b5.jpg,Poecile atricapillus,animals,CC0-1.0,joy4birds,joy4birds,5938036160,28eb1a3f-1c15-4a95-931a-4af90ecb574d,https://inaturalist-open-data.s3.amazonaws.com/photos/605446206/original.jpg
/content/drive/MyDrive/terra-gbif-full/images/ff2fe0be43994ebd385a2bd6a349ca1e2503897bbfa6519ef3557ec1f72a41b7.jpg,Poecile atricapillus,animals,CC0-1.0,joy4birds,joy4birds,5938051317,28eb1a3f-1c15-4a95-931a-4af90ecb574d,https://inaturalist-open-data.s3.amazonaws.com/photos/604899566/original.jpg
/content/drive/MyDrive/terra-gbif-full/images/90c20afbea4bb980f1e05b1ffa52fac30ad032a23a3cd97cccfbb36114f753f8.jpg,Poecile atricapillus,animals,CC-BY-4.0,Therese Phillips,Therese Phillips,5938064642,28eb1a3f-1c15-4a95-931a-4af90ecb574d,https://inaturalist-open-data.s3.amazonaws.com/photos/604641598/original.jpg
/content/drive/MyDrive/terra-gbif-full/images/9d6066a045c6f916cb2e62156432189c56d921ac41ed31ce0d523317a8e93655.jpg,Poecile atricapillus,animals,CC-BY-4.0,Therese Phillips,Therese Phillips,5938064642,28eb1a3f-1c15-4a95-931a-4af90ecb574d,https://inaturalist-open-data.s3.amazonaws.com/photos/604641599/original.jpg
/content/drive/MyDrive/terra-gbif-full/images/7b0aff70ddaa49c5adb8c5062eb59288c73eaa3961eec2f6cc227d22d54fe744.jpg,Poecile atricapillus,animals,CC-BY-4.0,Therese Phillips,Therese Phillips,5938064642,28eb1a3f-1c15-4a95-931a-4af90ecb574d,https://inaturalist-open-data.s3.amazonaws.com/photos/604641617/original.jpg
/content/drive/MyDrive/terra-gbif-full/images/803ab274fba069d558a1c4c53976d16e02056ba004fc4b5ffd451ee353b9312f.jpg,Poecile atricapillus,animals,CC-BY-4.0,Therese Phillips,Therese Phillips,5938064642,28eb1a3f-1c15-4a95-931a-4af90ecb574d,https://inaturalist-open-data.s3.amazonaws.com/photos/604641620/original.jpg
/content/drive/MyDrive/terra-gbif-full/images/fa919b3c95a9bf21ceefd04ec2f9854dc41ae4a1e33315cf6fccf1b6b2832da4.jpg,Poecile atricapillus,animals,CC-BY-4.0,Therese Phillips,Therese Phillips,5938064642,28eb1a3f-1c15-4a95-931a-4af90ecb574d,https://inaturalist-open-data.s3.amazonaws.com/photos/604641627/original.jpg
/content/drive/MyDrive/terra-gbif-full/images/ff63cc038ab60e624593326ecca499fbe84d629580a877feff7990294a1c2370.jpg,Poecile atricapillus,animals,CC-BY-4.0,Therese Phillips,Therese Phillips,5938064642,28eb1a3f-1c15-4a95-931a-4af90ecb574d,https://inaturalist-open-data.s3.amazonaws.com/photos/604641636/original.jpg
/content/drive/MyDrive/terra-gbif-full/images/66f0a57c534facc08d32b663496198154f1f55f310b034683da959b59c02e508.jpg,Poecile atricapillus,animals,CC-BY-4.0,Therese Phillips,Therese Phillips,5938064642,28eb1a3f-1c15-4a95-931a-4af90ecb574d,https://inaturalist-open-data.s3.amazonaws.com/photos/604641641/original.jpg
/content/drive/MyDrive/terra-gbif-full/images/7262ccb590eaf98f5196e1fe2c2c00cba44f7b96ad88f4f13c17e4d6cd88c6e2.jpg,Poecile atricapillus,animals,CC0-1.0,joy4birds,joy4birds,5938089228,28eb1a3f-1c15-4a95-931a-4af90ecb574d,https://inaturalist-open-data.s3.amazonaws.com/photos/604899530/original.jpg
/content/drive/MyDrive/terra-gbif-full/images/a92e0a5e865015578a58283123fd079fa2ff3f964cf25de39b5d5843de0f2bee.jpg,Poecile atricapillus,animals,CC-BY-4.0,criminy,criminy,5938100057,28eb1a3f-1c15-4a95-931a-4af90ecb574d,https://inaturalist-open-data.s3.amazonaws.com/photos/604616593/original.jpg
/content/drive/MyDrive/terra-gbif-full/images/a5e1f97988aed7a4bdd48b7d19a9620fdecc8a500721392e0c13ffcd90945dc9.jpg,Poecile atricapillus,animals,CC-BY-4.0,criminy,criminy,5938100057,28eb1a3f-1c15-4a95-931a-4af90ecb574d,https://inaturalist-open-data.s3.amazonaws.com/photos/604616634/original.jpg
/content/drive/MyDrive/terra-gbif-full/images/24be4c64729b9b7ce3f18b5870d3fadc58c9fff338026c6cad734c22ac991607.jpg,Poecile atricapillus,animals,CC0-1.0,joy4birds,joy4birds,5938100729,28eb1a3f-1c15-4a95-931a-4af90ecb574d,https://inaturalist-open-data.s3.amazonaws.com/photos/604608425/original.jpg
/content/drive/MyDrive/terra-gbif-full/images/03646d2794c0dad3769898ab0248b1e187a7c32a6dd8743ed9fabe8a8210888c.jpg,Poecile atricapillus,animals,CC-BY-4.0,Sandy Wolkenberg,Sandy Wolkenberg,5938100774,28eb1a3f-1c15-4a95-931a-4af90ecb574d,https://inaturalist-open-data.s3.amazonaws.com/photos/604668413/original.jpg
/content/drive/MyDrive/terra-gbif-full/images/5d4d2070c1e384287042ab28d4e882c63b93cc4ff73cb5005143667093725507.jpg,Poecile atricapillus,animals,CC-BY-4.0,Kalvin Chan,Kalvin Chan,5938107785,28eb1a3f-1c15-4a95-931a-4af90ecb574d,https://inaturalist-open-data.s3.amazonaws.com/photos/605228515/original.jpg
/content/drive/MyDrive/terra-gbif-full/images/11400b8d129bc93bb34351dd012f863d756e23a47c83450e3b982c2ba1055d02.jpg,Poecile atricapillus,animals,CC0-1.0,joy4birds,joy4birds,5938125628,28eb1a3f-1c15-4a95-931a-4af90ecb574d,https://inaturalist-open-data.s3.amazonaws.com/photos/605135811/original.jpg
/content/drive/MyDrive/terra-gbif-full/images/8a638cceb5c05d7f58d319259790f84456b92b971fdc645a515126f689e67090.jpg,Poecile atricapillus,animals,CC-BY-4.0,Tser,Tser,5938133967,28eb1a3f-1c15-4a95-931a-4af90ecb574d,https://inaturalist-open-data.s3.amazonaws.com/photos/605406195/original.jpg
/content/drive/MyDrive/terra-gbif-full/images/940406526e3537fd048b9c9f19313fa772f4d50b88ae24a9e7acba2302bdab2d.jpg,Poecile atricapillus,animals,CC0-1.0,joy4birds,joy4birds,5938151251,28eb1a3f-1c15-4a95-931a-4af90ecb574d,https://inaturalist-open-data.s3.amazonaws.com/photos/604899460/original.jpg
/content/drive/MyDrive/terra-gbif-full/images/29d258e1adb49abcf06525ae70574f3515993f677c19279b8107a5cb9810a154.jpg,Poecile atricapillus,animals,CC0-1.0,joy4birds,joy4birds,5938154682,28eb1a3f-1c15-4a95-931a-4af90ecb574d,https://inaturalist-open-data.s3.amazonaws.com/photos/605441848/original.jpg
/content/drive/MyDrive/terra-gbif-full/images/bd5460005e33c5d8b7981581fddcbe66c1eadb20071810711a2ccf9851383c96.jpg,Poecile atricapillus,animals,CC0-1.0,joy4birds,joy4birds,5938156828,28eb1a3f-1c15-4a95-931a-4af90ecb574d,https://inaturalist-open-data.s3.amazonaws.com/photos/604901840/original.jpg
/content/drive/MyDrive/terra-gbif-full/images/b2ddd98fe99fe626f422b2192f3657fcaf4ca4178673fe22f5881bdb66219a31.jpg,Pyrrhula pyrrhula,animals,CC-BY-4.0,Saveliev Valerii,Saveliev Valerii,5936729305,866b32c9-6990-4c4e-8dea-ec9a96c9f1a5,https://wingeds.world/originals/37/363314.jpg
/content/drive/MyDrive/terra-gbif-full/images/3bb07e97a6821d77350af81b3aec7d51dff9379db34bbd578cd4779552a6b07e.jpg,Pyrrhula pyrrhula,animals,CC-BY-4.0,Константин Селивёрстов,Константин Селивёрстов,5938027635,28eb1a3f-1c15-4a95-931a-4af90ecb574d,https://inaturalist-open-data.s3.amazonaws.com/photos/604746048/original.jpg
/content/drive/MyDrive/terra-gbif-full/images/d6feeca2438919e33e277b055f729fec8f74b31de15c08120d31279d5a0d2d6b.jpg,Pyrrhula pyrrhula,animals,CC-BY-4.0,Ирина Хохрякова,Ирина Хохрякова,5938052509,28eb1a3f-1c15-4a95-931a-4af90ecb574d,https://inaturalist-open-data.s3.amazonaws.com/photos/604822200/original.jpg
/content/drive/MyDrive/terra-gbif-full/images/393ee1b0b30fad75feeae2cc3990baababa05f4b2cab002ff1225c8bcf23c024.jpg,Pyrrhula pyrrhula,animals,CC-BY-4.0,Tatiana Strus,Tatiana Strus,5938056827,28eb1a3f-1c15-4a95-931a-4af90ecb574d,https://inaturalist-open-data.s3.amazonaws.com/photos/604731165/original.jpg
/content/drive/MyDrive/terra-gbif-full/images/01f9bbba6351721d882b1e03b3c0ef69c44f550cfb92cc185b7da9038f6aee05.jpg,Pyrrhula pyrrhula,animals,CC-BY-4.0,Tatiana Strus,Tatiana Strus,5938056827,28eb1a3f-1c15-4a95-931a-4af90ecb574d,https://inaturalist-open-data.s3.amazonaws.com/photos/604731178/original.jpg
/content/drive/MyDrive/terra-gbif-full/images/1de66a201d36db8e8c13b6400bb1ed3f3a6f3b84738540e2b2bafaf361432512.jpg,Pyrrhula pyrrhula,animals,CC0-1.0,Marina Potapova,Marina Potapova,5938062721,28eb1a3f-1c15-4a95-931a-4af90ecb574d,https://inaturalist-open-data.s3.amazonaws.com/photos/604729508/original.jpg
/content/drive/MyDrive/terra-gbif-full/images/89843a241709b2c1e48e216e53e4aa6ab63a945f27bd23c8771dab2d6ac71328.jpg,Pyrrhula pyrrhula,animals,CC0-1.0,Marina Potapova,Marina Potapova,5938062721,28eb1a3f-1c15-4a95-931a-4af90ecb574d,https://inaturalist-open-data.s3.amazonaws.com/photos/604729517/original.jpg
/content/drive/MyDrive/terra-gbif-full/images/093720381d2af3d16b2c64d5c15f53664556b1a24991d3086e61b07779ad79db.jpg,Pyrrhula pyrrhula,animals,CC-BY-4.0,Шухободская Ольга Владимировна,Шухободская Ольга Владимировна,5938063697,28eb1a3f-1c15-4a95-931a-4af90ecb574d,https://inaturalist-open-data.s3.amazonaws.com/photos/605674224/original.jpg
/content/drive/MyDrive/terra-gbif-full/images/501cc638e9bde3dfafc3cbcbc1191f6b19e884dfcc6deae0fce4cfbc33448391.jpg,Pyrrhula pyrrhula,animals,CC-BY-4.0,Вячеслав Шуплецов,Вячеслав Шуплецов,5938065044,28eb1a3f-1c15-4a95-931a-4af90ecb574d,https://inaturalist-open-data.s3.amazonaws.com/photos/605348334/original.jpg
/content/drive/MyDrive/terra-gbif-full/images/03b1f8acd7b4982ea6a8adbaacdd11d023c0260d3ba1944f4874db3b92b71389.jpg,Pyrrhula pyrrhula,animals,CC-BY-4.0,Ксения Волянская,Ксения Волянская,5938084487,28eb1a3f-1c15-4a95-931a-4af90ecb574d,https://inaturalist-open-data.s3.amazonaws.com/photos/605362882/original.jpg
/content/drive/MyDrive/terra-gbif-full/images/aa16cc92801c949617f2e9bfaa0e084acafef81c713404dc89635b08bacdf02c.jpg,Pyrrhula pyrrhula,animals,CC-BY-4.0,Вячеслав Шуплецов,Вячеслав Шуплецов,5938118331,28eb1a3f-1c15-4a95-931a-4af90ecb574d,https://inaturalist-open-data.s3.amazonaws.com/photos/604794507/original.jpg
/content/drive/MyDrive/terra-gbif-full/images/640baf1d4f4bf701e9df5bb53a9ec146a184a1a8c09f6a01cac6b9128bfcf851.jpg,Pyrrhula pyrrhula,animals,CC-BY-4.0,Ирина Хохрякова,Ирина Хохрякова,5938118538,28eb1a3f-1c15-4a95-931a-4af90ecb574d,https://inaturalist-open-data.s3.amazonaws.com/photos/605102257/original.jpg
/content/drive/MyDrive/terra-gbif-full/images/a855f99f04e3be4d194c1ae91a9e5cf6cc5a2341743f90ddd438a7cd025d8f85.jpg,Pyrrhula pyrrhula,animals,CC0-1.0,Charlie Farrell,Charlie Farrell,5938149541,28eb1a3f-1c15-4a95-931a-4af90ecb574d,https://inaturalist-open-data.s3.amazonaws.com/photos/605742823/original.jpg
/content/drive/MyDrive/terra-gbif-full/images/69fa4ffc71f42ccb4df854ebfbb26e159d9b148e81067f644b99de496d7eb02c.jpg,Pyrrhula pyrrhula,animals,CC0-1.0,Charlie Farrell,Charlie Farrell,5938149541,28eb1a3f-1c15-4a95-931a-4af90ecb574d,https://inaturalist-open-data.s3.amazonaws.com/photos/605744288/original.jpg
/content/drive/MyDrive/terra-gbif-full/images/bfa34239140c6b9d4d6a84cd47ce58f659b0625fb875819665e3bc2df41970dc.jpg,Pyrrhula pyrrhula,animals,CC0-1.0,Charlie Farrell,Charlie Farrell,5938149541,28eb1a3f-1c15-4a95-931a-4af90ecb574d,https://inaturalist-open-data.s3.amazonaws.com/photos/605744320/original.jpg
/content/drive/MyDrive/terra-gbif-full/images/38123cf7c28b454fe5f7528fa95f173d47bb27b6dfe0a63f69a383c33bc37ed6.jpg,Pyrrhula pyrrhula,animals,CC-BY-4.0,k,k,5938151446,28eb1a3f-1c15-4a95-931a-4af90ecb574d,https://inaturalist-open-data.s3.amazonaws.com/photos/605049762/original.jpg
/content/drive/MyDrive/terra-gbif-full/images/a092f354a1db79972de3957fc9269bd24f588a0e62f4ac5334b3f7b0845f2f3c.jpg,Pyrrhula pyrrhula,animals,CC-BY-4.0,k,k,5938151446,28eb1a3f-1c15-4a95-931a-4af90ecb574d,https://inaturalist-open-data.s3.amazonaws.com/photos/605049763/original.jpg
/content/drive/MyDrive/terra-gbif-full/images/d4a0e312a6438f24db962c88e417dc65d3d0f29bb8839ab8430877d6e76aa4cf.jpg,Pyrrhula pyrrhula,animals,CC-BY-4.0,Tomas Broucek,Tomas Broucek,5938171483,28eb1a3f-1c15-4a95-931a-4af90ecb574d,https://inaturalist-open-data.s3.amazonaws.com/photos/604497944/original.jpg
/content/drive/MyDrive/terra-gbif-full/images/0d6f478ff22622bc90872c615819b55c66d5d9e96c1ec85d49fe277cbfe19a51.jpg,Pyrrhula pyrrhula,animals,CC-BY-4.0,Антон Лабачоў,Антон Лабачоў,5938183507,28eb1a3f-1c15-4a95-931a-4af90ecb574d,https://inaturalist-open-data.s3.amazonaws.com/photos/604694143/original.jpg
/content/drive/MyDrive/terra-gbif-full/images/aacf2020bab9a53c4b46272ab67235501457db9d3275be92c38651ecfb6e7e18.jpg,Pyrrhula pyrrhula,animals,CC-BY-4.0,Petro Miroshnyk,Petro Miroshnyk,5938193622,28eb1a3f-1c15-4a95-931a-4af90ecb574d,https://inaturalist-open-data.s3.amazonaws.com/photos/605069819/original.jpg
/content/drive/MyDrive/terra-gbif-full/images/3ad88c512060dad4b5f52bcd1adcfc376159efbce96f538e381524f95d3160c5.jpg,Pyrrhula pyrrhula,animals,CC-BY-4.0,Михаил Языков,Михаил Языков,5938196949,28eb1a3f-1c15-4a95-931a-4af90ecb574d,https://inaturalist-open-data.s3.amazonaws.com/photos/604574489/original.jpg
/content/drive/MyDrive/terra-gbif-full/images/33848474095da22830b8ec589ced705f1e60329615d97f0bfcb7adf35a3bae1a.jpg,Pyrrhula pyrrhula,animals,CC-BY-4.0,Дарья Орлова,Дарья Орлова,5938201965,28eb1a3f-1c15-4a95-931a-4af90ecb574d,https://inaturalist-open-data.s3.amazonaws.com/photos/605069671/original.jpg
/content/drive/MyDrive/terra-gbif-full/images/eeefe1a4c9ab8813d352a6052ad29f6b26c6a81d71cf4e260409da8a2842c14c.jpg,Pyrrhula pyrrhula,animals,CC-BY-4.0,Дарья Орлова,Дарья Орлова,5938201965,28eb1a3f-1c15-4a95-931a-4af90ecb574d,https://inaturalist-open-data.s3.amazonaws.com/photos/605069870/original.jpg
/content/drive/MyDrive/terra-gbif-full/images/22126500d17fc263316fbcd960e6b39160f5b2ba8e459874ec31a10db5bb17b3.jpg,Pyrrhula pyrrhula,animals,CC-BY-4.0,Дарья Орлова,Дарья Орлова,5938201965,28eb1a3f-1c15-4a95-931a-4af90ecb574d,https://inaturalist-open-data.s3.amazonaws.com/photos/605069670/original.jpg
/content/drive/MyDrive/terra-gbif-full/images/c16c99b78b045066d80ef455ed7f7f15b7069994056dc1e408a10d7367801db3.jpg,Pyrrhula pyrrhula,animals,CC-BY-4.0,Anastasia_Surkova,Anastasia_Surkova,5938210880,28eb1a3f-1c15-4a95-931a-4af90ecb574d,https://inaturalist-open-data.s3.amazonaws.com/photos/605329416/original.jpg
/content/drive/MyDrive/terra-gbif-full/images/5d8cecd372febee6b3b2468039afe2b0ea0752f5e0f2368d4190be750211a99c.jpg,Dryobates pubescens,animals,CC0-1.0,joy4birds,joy4birds,5938029379,28eb1a3f-1c15-4a95-931a-4af90ecb574d,https://inaturalist-open-data.s3.amazonaws.com/photos/604607821/original.jpg
/content/drive/MyDrive/terra-gbif-full/images/3b1136e07cdcc0bc1de9cfb1e99b3ca1cee8227dd6045fc88aeab7b221455856.jpg,Dryobates pubescens,animals,CC0-1.0,joy4birds,joy4birds,5938031062,28eb1a3f-1c15-4a95-931a-4af90ecb574d,https://inaturalist-open-data.s3.amazonaws.com/photos/605442925/original.jpg
/content/drive/MyDrive/terra-gbif-full/images/440920fb44397c251b146df265a741eefd44fc7d8824ebbb6baef7d0e5567edf.jpg,Dryobates pubescens,animals,CC0-1.0,joy4birds,joy4birds,5938031062,28eb1a3f-1c15-4a95-931a-4af90ecb574d,https://inaturalist-open-data.s3.amazonaws.com/photos/605442952/original.jpg
/content/drive/MyDrive/terra-gbif-full/images/655069814022529db3ea91deb1eecbfc454eabacfe365e54b8f43308eedf8a20.jpg,Dryobates pubescens,animals,CC0-1.0,joy4birds,joy4birds,5938031062,28eb1a3f-1c15-4a95-931a-4af90ecb574d,https://inaturalist-open-data.s3.amazonaws.com/photos/605442978/original.jpg
/content/drive/MyDrive/terra-gbif-full/images/8305fa9ffb62798647386d90179b30d6cfabf8b70abcf2d6edf20b88c735b746.jpg,Dryobates pubescens,animals,CC0-1.0,joy4birds,joy4birds,5938031062,28eb1a3f-1c15-4a95-931a-4af90ecb574d,https://inaturalist-open-data.s3.amazonaws.com/photos/605443006/original.jpg
/content/drive/MyDrive/terra-gbif-full/images/0ed0c967716cd566881beb5755fb59f83b5967f171bf73e467fd254dcdfab803.jpg,Dryobates pubescens,animals,CC0-1.0,joy4birds,joy4birds,5938031062,28eb1a3f-1c15-4a95-931a-4af90ecb574d,https://inaturalist-open-data.s3.amazonaws.com/photos/605443285/original.jpg
/content/drive/MyDrive/terra-gbif-full/images/6ce7b9a58d06773a0b8f20c6e74167d5686124b0643c85cdcfc56998c04d6614.jpg,Dryobates pubescens,animals,CC-BY-4.0,Mark Apgar,Mark Apgar,5938031550,28eb1a3f-1c15-4a95-931a-4af90ecb574d,https://inaturalist-open-data.s3.amazonaws.com/photos/604859861/original.jpg
/content/drive/MyDrive/terra-gbif-full/images/45eb62aaf90ec886f2956536578cdf08aa76d9807fcfab46073dcc0d01a71ef3.jpg,Dryobates pubescens,animals,CC-BY-4.0,Sandy Wolkenberg,Sandy Wolkenberg,5938032794,28eb1a3f-1c15-4a95-931a-4af90ecb574d,https://inaturalist-open-data.s3.amazonaws.com/photos/605488050/original.jpg
/content/drive/MyDrive/terra-gbif-full/images/471520d9e62af24c998ebbea9bb888ca3f99722fd720de569d341fb91d595cb1.jpg,Dryobates pubescens,animals,CC-BY-4.0,Sandy Wolkenberg,Sandy Wolkenberg,5938032794,28eb1a3f-1c15-4a95-931a-4af90ecb574d,https://inaturalist-open-data.s3.amazonaws.com/photos/605488075/original.jpg
/content/drive/MyDrive/terra-gbif-full/images/9570170a804536d448213aac563db58ad49bdfeec387582447b9b6b913c8bc77.jpg,Dryobates pubescens,animals,CC0-1.0,Bob Rutkowski,Bob Rutkowski,5938041150,28eb1a3f-1c15-4a95-931a-4af90ecb574d,https://inaturalist-open-data.s3.amazonaws.com/photos/604531438/original.jpg
/content/drive/MyDrive/terra-gbif-full/images/037d9beb99cd9fd2dac0faa93ff8090dbbc3b6127faf6e2e040f86f72e3cc4d2.jpg,Dryobates pubescens,animals,CC-BY-4.0,Sandy Wolkenberg,Sandy Wolkenberg,5938065146,28eb1a3f-1c15-4a95-931a-4af90ecb574d,https://inaturalist-open-data.s3.amazonaws.com/photos/605488451/original.jpg
/content/drive/MyDrive/terra-gbif-full/images/7434bb45bd49212c0d63b011cd1b34079e61d9b3460386e5d9f43d46bdde266b.jpg,Dryobates pubescens,animals,CC-BY-4.0,Douglas Douven,Douglas Douven,5938093856,28eb1a3f-1c15-4a95-931a-4af90ecb574d,https://inaturalist-open-data.s3.amazonaws.com/photos/605464743/original.jpg
/content/drive/MyDrive/terra-gbif-full/images/1cd893f9b388453baa2e79661716158579388f26dee3eeb88f10e33bf9cb7251.jpg,Dryobates pubescens,animals,CC-BY-4.0,Douglas Douven,Douglas Douven,5938093856,28eb1a3f-1c15-4a95-931a-4af90ecb574d,https://inaturalist-open-data.s3.amazonaws.com/photos/605464738/original.jpg
/content/drive/MyDrive/terra-gbif-full/images/967f9ca91d691eda3a9d2ee8cb5174a3f8b5e4a981ce08a983b80c414d3c66a1.jpg,Dryobates pubescens,animals,CC0-1.0,Jeff Davis,Jeff Davis,5938099998,28eb1a3f-1c15-4a95-931a-4af90ecb574d,https://inaturalist-open-data.s3.amazonaws.com/photos/604525642/original.jpg
/content/drive/MyDrive/terra-gbif-full/images/a76118a89d99a8abe4f44b22df51fde34e6a709972407d11a2f633f5f0f68487.jpg,Dryobates pubescens,animals,CC0-1.0,Jeff Davis,Jeff Davis,5938099998,28eb1a3f-1c15-4a95-931a-4af90ecb574d,https://inaturalist-open-data.s3.amazonaws.com/photos/604525940/original.jpg
/content/drive/MyDrive/terra-gbif-full/images/b165fe74791ae1b5b07c27bab2230898d8a277966aaeface6a7d63c5c9b8e18d.jpg,Dryobates pubescens,animals,CC-BY-4.0,Brian R Wilson,Brian R Wilson,5938105214,28eb1a3f-1c15-4a95-931a-4af90ecb574d,https://inaturalist-open-data.s3.amazonaws.com/photos/604557114/original.jpg
/content/drive/MyDrive/terra-gbif-full/images/6add4319b34d514421b46a184d83a043858e3665f94132895d99a8b75c1069d9.jpg,Dryobates pubescens,animals,CC-BY-4.0,Brian R Wilson,Brian R Wilson,5938105214,28eb1a3f-1c15-4a95-931a-4af90ecb574d,https://inaturalist-open-data.s3.amazonaws.com/photos/604557135/original.jpg
/content/drive/MyDrive/terra-gbif-full/images/3a4cfdd02b60fc2e1776a25a511fb811b7722e349e19911769f4bbe986ee214f.jpg,Dryobates pubescens,animals,CC-BY-4.0,Brian R Wilson,Brian R Wilson,5938105214,28eb1a3f-1c15-4a95-931a-4af90ecb574d,https://inaturalist-open-data.s3.amazonaws.com/photos/604557148/original.jpg
/content/drive/MyDrive/terra-gbif-full/images/76e2086031827b6aa82fb4dc000a55703b24bdede1bd42c1dc786029578c5986.jpg,Dryobates pubescens,animals,CC-BY-4.0,Brian R Wilson,Brian R Wilson,5938105214,28eb1a3f-1c15-4a95-931a-4af90ecb574d,https://inaturalist-open-data.s3.amazonaws.com/photos/604557159/original.jpg
/content/drive/MyDrive/terra-gbif-full/images/c1a9ec54e60e548c75d7de2220e925c38e15e16ea83be8bae7dbc55a374dc224.jpg,Dryobates pubescens,animals,CC-BY-4.0,James Weaver,James Weaver,5938133493,28eb1a3f-1c15-4a95-931a-4af90ecb574d,https://inaturalist-open-data.s3.amazonaws.com/photos/605109250/original.jpg
/content/drive/MyDrive/terra-gbif-full/images/ce2f1b31ff26021a7b42d44977b5e14452792cc3f5ed3bf6221b19eebbbb7c2c.jpg,Dryobates pubescens,animals,CC-BY-4.0,Andre Knocklein,Andre Knocklein,5938140842,28eb1a3f-1c15-4a95-931a-4af90ecb574d,https://inaturalist-open-data.s3.amazonaws.com/photos/605352643/original.jpg
/content/drive/MyDrive/terra-gbif-full/images/94cc4d4d10034909127cb82732257e30c12b782fb53f22ec5a684aa37e7f62fa.jpg,Dryobates pubescens,animals,CC-BY-4.0,Andre Knocklein,Andre Knocklein,5938140842,28eb1a3f-1c15-4a95-931a-4af90ecb574d,https://inaturalist-open-data.s3.amazonaws.com/photos/605352642/original.jpg
/content/drive/MyDrive/terra-gbif-full/images/2675a5280c1e565cd3fdb18b3af52e945cf547b484596fb60d6acf0a6194d249.jpg,Dryobates pubescens,animals,CC-BY-4.0,Mark Apgar,Mark Apgar,5938151510,28eb1a3f-1c15-4a95-931a-4af90ecb574d,https://inaturalist-open-data.s3.amazonaws.com/photos/605171942/original.jpg
/content/drive/MyDrive/terra-gbif-full/images/42bf2a04173238494465e51b9b1b3d71d480c77cd9add3f70d71735b3423befb.jpg,Dryobates pubescens,animals,CC-BY-4.0,Sandy Wolkenberg,Sandy Wolkenberg,5938153049,28eb1a3f-1c15-4a95-931a-4af90ecb574d,https://inaturalist-open-data.s3.amazonaws.com/photos/604668436/original.jpg
/content/drive/MyDrive/terra-gbif-full/images/587531b09e814805cccf24fbaeaba7557ecd38ad4843e095524aca6e3a3836d6.jpg,Dryobates pubescens,animals,CC-BY-4.0,Simone Littledale,Simone Littledale,5938175941,28eb1a3f-1c15-4a95-931a-4af90ecb574d,https://inaturalist-open-data.s3.amazonaws.com/photos/605481379/original.jpg
/content/drive/MyDrive/terra-gbif-full/images/13ca74d8443710d292b343b4c869aee18324858157fdc47a76599615d1361baa.jpg,Odocoileus virginianus,animals,CC-BY-4.0,bluecrab,bluecrab,5938054580,28eb1a3f-1c15-4a95-931a-4af90ecb574d,https://inaturalist-open-data.s3.amazonaws.com/photos/605526509/original.jpg
/content/drive/MyDrive/terra-gbif-full/images/5e3d7fa9eb41b7f3304b3aa04943130e75fef0a7fa46fe396ee57e8cd4d855d7.jpg,Odocoileus virginianus,animals,CC-BY-4.0,toad-wife,toad-wife,5938066704,28eb1a3f-1c15-4a95-931a-4af90ecb574d,https://inaturalist-open-data.s3.amazonaws.com/photos/605724757/original.jpg
/content/drive/MyDrive/terra-gbif-full/images/4feacb1c56a96764ab13e09651770825aa9ec296fe0b1c2c5ecb4b0215ac969d.jpg,Odocoileus virginianus,animals,CC-BY-4.0,toad-wife,toad-wife,5938066704,28eb1a3f-1c15-4a95-931a-4af90ecb574d,https://inaturalist-open-data.s3.amazonaws.com/photos/605724770/original.jpg
/content/drive/MyDrive/terra-gbif-full/images/e7f7fdabebb10e8aa7d5abe171ae75925b9c72bcd4509c4f2390a30b046e39f0.jpg,Odocoileus virginianus,animals,CC-BY-4.0,Andre Knocklein,Andre Knocklein,5938067763,28eb1a3f-1c15-4a95-931a-4af90ecb574d,https://inaturalist-open-data.s3.amazonaws.com/photos/605195699/original.jpg
/content/drive/MyDrive/terra-gbif-full/images/02c5c640e0419a0e0b9066b1f0a052a26af5010119a4771b4f383f3adf017313.jpg,Odocoileus virginianus,animals,CC0-1.0,Ryan,Ryan,5938069280,28eb1a3f-1c15-4a95-931a-4af90ecb574d,https://inaturalist-open-data.s3.amazonaws.com/photos/605433244/original.jpg
/content/drive/MyDrive/terra-gbif-full/images/a5204c8f9834f3fffb9c353fea387e73d8c8a7093560186dd815e59018a33610.jpg,Odocoileus virginianus,animals,CC0-1.0,mike_cove,mike_cove,5938078645,28eb1a3f-1c15-4a95-931a-4af90ecb574d,https://inaturalist-open-data.s3.amazonaws.com/photos/605741651/original.jpg
/content/drive/MyDrive/terra-gbif-full/images/f4fb9394fb34514d1c41fd24a8fa96e92d1d4d8cf13afdfe3a352bee6ccc24dc.jpg,Odocoileus virginianus,animals,CC0-1.0,mike_cove,mike_cove,5938078645,28eb1a3f-1c15-4a95-931a-4af90ecb574d,https://inaturalist-open-data.s3.amazonaws.com/photos/605741667/original.jpg
/content/drive/MyDrive/terra-gbif-full/images/e725093cb5c8cd76b975eb9c9faa063878b99692fb3d95f89fa2ba2da8350ba7.jpg,Odocoileus virginianus,animals,CC0-1.0,mike_cove,mike_cove,5938078645,28eb1a3f-1c15-4a95-931a-4af90ecb574d,https://inaturalist-open-data.s3.amazonaws.com/photos/605741689/original.jpg
/content/drive/MyDrive/terra-gbif-full/images/a83a26c8572018c21a51ecfb2311b413527bf11a62919b3093edd54dfac734f5.jpg,Odocoileus virginianus,animals,CC0-1.0,mike_cove,mike_cove,5938078645,28eb1a3f-1c15-4a95-931a-4af90ecb574d,https://inaturalist-open-data.s3.amazonaws.com/photos/605741714/original.jpg
/content/drive/MyDrive/terra-gbif-full/images/a1cf8600f8001eac09762673cf0e91dcac286ce05195e11f0661f9048561f1bb.jpg,Odocoileus virginianus,animals,CC0-1.0,mike_cove,mike_cove,5938078645,28eb1a3f-1c15-4a95-931a-4af90ecb574d,https://inaturalist-open-data.s3.amazonaws.com/photos/605741737/original.jpg
/content/drive/MyDrive/terra-gbif-full/images/9c303b0438826677b233c6a4112798db7a2a81867eda2e1227c83a69104bc13f.jpg,Odocoileus virginianus,animals,CC0-1.0,mike_cove,mike_cove,5938078645,28eb1a3f-1c15-4a95-931a-4af90ecb574d,https://inaturalist-open-data.s3.amazonaws.com/photos/605741750/original.jpg
/content/drive/MyDrive/terra-gbif-full/images/44fd335e48041d3f09c14a93e89ee0e5bd6fde8181ddd0d702af5b189db6db01.jpg,Odocoileus virginianus,animals,CC0-1.0,mike_cove,mike_cove,5938078645,28eb1a3f-1c15-4a95-931a-4af90ecb574d,https://inaturalist-open-data.s3.amazonaws.com/photos/605741762/original.jpg
/content/drive/MyDrive/terra-gbif-full/images/e5094f7b756b5e4e8c92fa17222d792162bd725c1af43f74be10a31bf432950c.jpg,Odocoileus virginianus,animals,CC0-1.0,mike_cove,mike_cove,5938078645,28eb1a3f-1c15-4a95-931a-4af90ecb574d,https://inaturalist-open-data.s3.amazonaws.com/photos/605741781/original.jpg
/content/drive/MyDrive/terra-gbif-full/images/7c621187e1a0116f802d432daaf7b88e6b46113085c124220c9af0b79504ea2e.jpg,Odocoileus virginianus,animals,CC0-1.0,mike_cove,mike_cove,5938100037,28eb1a3f-1c15-4a95-931a-4af90ecb574d,https://inaturalist-open-data.s3.amazonaws.com/photos/604590677/original.jpg
/content/drive/MyDrive/terra-gbif-full/images/adad3108945905f888ceaa21737ccafd6105403acc2d92c53c53d9f76de8003a.jpg,Odocoileus virginianus,animals,CC0-1.0,mike_cove,mike_cove,5938100037,28eb1a3f-1c15-4a95-931a-4af90ecb574d,https://inaturalist-open-data.s3.amazonaws.com/photos/604591772/original.jpg
/content/drive/MyDrive/terra-gbif-full/images/68f9ed7af50a533291f9452c369787653df4408cd9afbe8c30ab178f9b67cfa5.jpg,Odocoileus virginianus,animals,CC0-1.0,mike_cove,mike_cove,5938100037,28eb1a3f-1c15-4a95-931a-4af90ecb574d,https://inaturalist-open-data.s3.amazonaws.com/photos/604591805/original.jpg
/content/drive/MyDrive/terra-gbif-full/images/bd25e4af8571fb85a8ad4a07d18ae8ad1bb7f5a0ca92c0253708e3c2a37f4ec6.jpg,Odocoileus virginianus,animals,CC-BY-4.0,Sandy Wolkenberg,Sandy Wolkenberg,5938112086,28eb1a3f-1c15-4a95-931a-4af90ecb574d,https://inaturalist-open-data.s3.amazonaws.com/photos/605208526/original.jpg
/content/drive/MyDrive/terra-gbif-full/images/a5d8c41fc43451fb20e32fe4e43e0e10af864f56e7221d205ae58e339076d3f4.jpg,Odocoileus virginianus,animals,CC-BY-4.0,Sandy Wolkenberg,Sandy Wolkenberg,5938112086,28eb1a3f-1c15-4a95-931a-4af90ecb574d,https://inaturalist-open-data.s3.amazonaws.com/photos/605208514/original.jpg
/content/drive/MyDrive/terra-gbif-full/images/24e466f0bd9e887f7f9705b580efa68d243209169592a4a85248bff512261d8b.jpg,Odocoileus virginianus,animals,CC0-1.0,mike_cove,mike_cove,5938115581,28eb1a3f-1c15-4a95-931a-4af90ecb574d,https://inaturalist-open-data.s3.amazonaws.com/photos/604590242/original.jpg
/content/drive/MyDrive/terra-gbif-full/images/0140460b94580105e7023d9b0b25fd30eed4d573d63025558a4332e9133673b1.jpg,Odocoileus virginianus,animals,CC0-1.0,mike_cove,mike_cove,5938115581,28eb1a3f-1c15-4a95-931a-4af90ecb574d,https://inaturalist-open-data.s3.amazonaws.com/photos/604590277/original.jpg
/content/drive/MyDrive/terra-gbif-full/images/84872e8001089226fae2a3fd051aa29bdbf29db597d9fd539c53d2626d0b72eb.jpg,Odocoileus virginianus,animals,CC0-1.0,mike_cove,mike_cove,5938115581,28eb1a3f-1c15-4a95-931a-4af90ecb574d,https://inaturalist-open-data.s3.amazonaws.com/photos/604590319/original.jpg
/content/drive/MyDrive/terra-gbif-full/images/6db7c6349eeabdee6ed8834fcfcaa08424efa5c73772fd48b3a5385e86bac671.jpg,Odocoileus virginianus,animals,CC-BY-4.0,Steve Young,Steve Young,5938118820,28eb1a3f-1c15-4a95-931a-4af90ecb574d,https://inaturalist-open-data.s3.amazonaws.com/photos/605529229/original.jpg
/content/drive/MyDrive/terra-gbif-full/images/20c85a42123077792f23d7970712c25df9bab2dbd140e061fc30b6fb152d7b97.jpg,Odocoileus virginianus,animals,CC-BY-4.0,Steve Young,Steve Young,5938118820,28eb1a3f-1c15-4a95-931a-4af90ecb574d,https://inaturalist-open-data.s3.amazonaws.com/photos/605529250/original.jpg
/content/drive/MyDrive/terra-gbif-full/images/6f6c617705b4fc70591cb0d56ee28b55bf97224458407ac7bea298b482dc8e16.jpg,Odocoileus virginianus,animals,CC-BY-4.0,Steve Young,Steve Young,5938118820,28eb1a3f-1c15-4a95-931a-4af90ecb574d,https://inaturalist-open-data.s3.amazonaws.com/photos/605529258/original.jpg
/content/drive/MyDrive/terra-gbif-full/images/81bf69292bb151a7a4823a3c5717adbb003b9ccc69cc59e161bdfbad22663d3d.jpg,Odocoileus virginianus,animals,CC-BY-4.0,Andre Knocklein,Andre Knocklein,5938133764,28eb1a3f-1c15-4a95-931a-4af90ecb574d,https://inaturalist-open-data.s3.amazonaws.com/photos/605197639/original.jpg
/content/drive/MyDrive/terra-gbif-full/images/2548d5c914963c5682e5c218cf6a17f04f8b4444d53f0a87f03b8cc8fe0af01b.jpg,Calypte anna,animals,CC0-1.0,saintaardvark,saintaardvark,5938029717,28eb1a3f-1c15-4a95-931a-4af90ecb574d,https://inaturalist-open-data.s3.amazonaws.com/photos/605180167/original.jpg
/content/drive/MyDrive/terra-gbif-full/images/472d36635406e3d19744a7a038e7cd02694faa7c61f97d9350eaa0e0cc2ea076.jpg,Calypte anna,animals,CC0-1.0,saintaardvark,saintaardvark,5938029717,28eb1a3f-1c15-4a95-931a-4af90ecb574d,https://inaturalist-open-data.s3.amazonaws.com/photos/605180169/original.jpg
/content/drive/MyDrive/terra-gbif-full/images/dc8094c2e8dfd8745b6848abef0cc969c0ecdb7372874b67d2aee31356babacf.jpg,Calypte anna,animals,CC0-1.0,saintaardvark,saintaardvark,5938029717,28eb1a3f-1c15-4a95-931a-4af90ecb574d,https://inaturalist-open-data.s3.amazonaws.com/photos/605180171/original.jpg
/content/drive/MyDrive/terra-gbif-full/images/6165a4dd829c4582f5deaf31f4cf97bb6a05de78032a13ea3430296f83229cc5.jpg,Calypte anna,animals,CC0-1.0,saintaardvark,saintaardvark,5938029717,28eb1a3f-1c15-4a95-931a-4af90ecb574d,https://inaturalist-open-data.s3.amazonaws.com/photos/605180166/original.jpg
/content/drive/MyDrive/terra-gbif-full/images/f914866ed9f96a9935e803dc6dcb9ab17ffa0bbd66f207a2d5fe38dcc3ce7b43.jpg,Calypte anna,animals,CC0-1.0,saintaardvark,saintaardvark,5938029717,28eb1a3f-1c15-4a95-931a-4af90ecb574d,https://inaturalist-open-data.s3.amazonaws.com/photos/605180168/original.jpg
/content/drive/MyDrive/terra-gbif-full/images/58eaa514e3c09c7a7543ac228c9073968aadae0a3f37db73a9aff4529e6ebada.jpg,Calypte anna,animals,CC0-1.0,saintaardvark,saintaardvark,5938029717,28eb1a3f-1c15-4a95-931a-4af90ecb574d,https://inaturalist-open-data.s3.amazonaws.com/photos/605180170/original.jpg
/content/drive/MyDrive/terra-gbif-full/images/825d7f8155c3bd474c7e062069dfec44e8b32da9ab0665c5f2018d6c862d9e3a.jpg,Calypte anna,animals,CC0-1.0,saintaardvark,saintaardvark,5938029717,28eb1a3f-1c15-4a95-931a-4af90ecb574d,https://inaturalist-open-data.s3.amazonaws.com/photos/605180195/original.jpg
/content/drive/MyDrive/terra-gbif-full/images/6b0ad6278d10cee0ae1cb3bcd2f1535228c3ac3268f58ebba6c6597010d0a153.jpg,Calypte anna,animals,CC0-1.0,saintaardvark,saintaardvark,5938029717,28eb1a3f-1c15-4a95-931a-4af90ecb574d,https://inaturalist-open-data.s3.amazonaws.com/photos/605180194/original.jpg
/content/drive/MyDrive/terra-gbif-full/images/72b14801d9b1e6cae111bc28ecae49d3d757654c9181f6e5a7c59756cd8ae5a3.jpg,Calypte anna,animals,CC0-1.0,emma g,emma g,5938117715,28eb1a3f-1c15-4a95-931a-4af90ecb574d,https://inaturalist-open-data.s3.amazonaws.com/photos/605515920/original.jpg
/content/drive/MyDrive/terra-gbif-full/images/3151fc1424ee7803bbd83474b22ab324d4e260752ba17686cbcd01f767352796.jpg,Calypte anna,animals,CC-BY-4.0,Shaun Case,Shaun Case,5938155759,28eb1a3f-1c15-4a95-931a-4af90ecb574d,https://inaturalist-open-data.s3.amazonaws.com/photos/605440633/original.jpg
/content/drive/MyDrive/terra-gbif-full/images/c0db64c52387ea661501a76db7b1c701d435af980fe65f4711fa63a57d74989a.jpg,Calypte anna,animals,CC-BY-4.0,Shaun Case,Shaun Case,5938155759,28eb1a3f-1c15-4a95-931a-4af90ecb574d,https://inaturalist-open-data.s3.amazonaws.com/photos/605440653/original.jpg
/content/drive/MyDrive/terra-gbif-full/images/6c190fe5de21805805d4169d8fc0d13ed92097412b89c9b1de7e74a1ebf8bc88.jpg,Calypte anna,animals,CC-BY-4.0,Shaun Case,Shaun Case,5938155759,28eb1a3f-1c15-4a95-931a-4af90ecb574d,https://inaturalist-open-data.s3.amazonaws.com/photos/605440684/original.jpg
/content/drive/MyDrive/terra-gbif-full/images/07d03a32bbcde52cd660f54296244692b4b9584420a28955db638227a3f512ea.jpg,Calypte anna,animals,CC-BY-4.0,Shaun Case,Shaun Case,5938155759,28eb1a3f-1c15-4a95-931a-4af90ecb574d,https://inaturalist-open-data.s3.amazonaws.com/photos/605440716/original.jpg
/content/drive/MyDrive/terra-gbif-full/images/b2c7f2a3eddd1105c7a88f41305cf3e17219d2ca9de74072bce6a9872f816f33.jpg,Calypte anna,animals,CC-BY-4.0,Millie Basden,Millie Basden,5938166689,28eb1a3f-1c15-4a95-931a-4af90ecb574d,https://inaturalist-open-data.s3.amazonaws.com/photos/605187669/original.jpg
/content/drive/MyDrive/terra-gbif-full/images/95c34951e3526c1d84142fc4f121b62c00b11224badf1d751ee69a3824b08612.jpg,Calypte anna,animals,CC-BY-4.0,Millie Basden,Millie Basden,5938166689,28eb1a3f-1c15-4a95-931a-4af90ecb574d,https://inaturalist-open-data.s3.amazonaws.com/photos/605187677/original.jpg
/content/drive/MyDrive/terra-gbif-full/images/1bf458fbb11fbadd26c09fa9e3f2c227f5f36f1aaf9b99568d795b30a75d4217.jpg,Calypte anna,animals,CC-BY-4.0,Daniel Levitis,Daniel Levitis,5938179284,28eb1a3f-1c15-4a95-931a-4af90ecb574d,https://inaturalist-open-data.s3.amazonaws.com/photos/604641361/original.jpg
/content/drive/MyDrive/terra-gbif-full/images/ad2ccd651ef8060ee16797bf0544653acf03fff880230b61268a3bdf4c74ee3b.jpg,Calypte anna,animals,CC0-1.0,saintaardvark,saintaardvark,5938185156,28eb1a3f-1c15-4a95-931a-4af90ecb574d,https://inaturalist-open-data.s3.amazonaws.com/photos/605180361/original.jpg
/content/drive/MyDrive/terra-gbif-full/images/856e6e3ffa5a546b45312d47a0a637053e6d529b4ed18770a1eaf8076fd10a74.jpg,Calypte anna,animals,CC0-1.0,saintaardvark,saintaardvark,5938185156,28eb1a3f-1c15-4a95-931a-4af90ecb574d,https://inaturalist-open-data.s3.amazonaws.com/photos/605180367/original.jpg
/content/drive/MyDrive/terra-gbif-full/images/c47856879e2f546b6c51abd21f6a22ebeb38c30e7b54c1d489387e86148feaeb.jpg,Calypte anna,animals,CC0-1.0,saintaardvark,saintaardvark,5938185156,28eb1a3f-1c15-4a95-931a-4af90ecb574d,https://inaturalist-open-data.s3.amazonaws.com/photos/605180364/original.jpg
/content/drive/MyDrive/terra-gbif-full/images/71e3913f813b26c660a44db741e32c723bd7e1f684c7aa09225012dbd2a3c0ab.jpg,Calypte anna,animals,CC0-1.0,saintaardvark,saintaardvark,5938185156,28eb1a3f-1c15-4a95-931a-4af90ecb574d,https://inaturalist-open-data.s3.amazonaws.com/photos/605180362/original.jpg
/content/drive/MyDrive/terra-gbif-full/images/207fce4372c86f920ee95892280ea58e21e69c76c47b546f4d2a8c9315e7f27c.jpg,Calypte anna,animals,CC0-1.0,saintaardvark,saintaardvark,5938185156,28eb1a3f-1c15-4a95-931a-4af90ecb574d,https://inaturalist-open-data.s3.amazonaws.com/photos/605180360/original.jpg
/content/drive/MyDrive/terra-gbif-full/images/7015fc52661c5066f92d3d868238660508a7e5db6f67586b8bb4f8aff16f759a.jpg,Calypte anna,animals,CC0-1.0,saintaardvark,saintaardvark,5938185156,28eb1a3f-1c15-4a95-931a-4af90ecb574d,https://inaturalist-open-data.s3.amazonaws.com/photos/605180398/original.jpg
/content/drive/MyDrive/terra-gbif-full/images/65db3eed2842c17950a2dcda5ea8a4c3a720cb41d9a7f6e416c5e6509b75b035.jpg,Calypte anna,animals,CC0-1.0,saintaardvark,saintaardvark,5938185156,28eb1a3f-1c15-4a95-931a-4af90ecb574d,https://inaturalist-open-data.s3.amazonaws.com/photos/605180363/original.jpg
/content/drive/MyDrive/terra-gbif-full/images/e91f15e1e582365c26d879c114d113d94a8aadeb295912f0a656fc268f89099b.jpg,Calypte anna,animals,CC0-1.0,saintaardvark,saintaardvark,5938185156,28eb1a3f-1c15-4a95-931a-4af90ecb574d,https://inaturalist-open-data.s3.amazonaws.com/photos/605180400/original.jpg
/content/drive/MyDrive/terra-gbif-full/images/daab9507be7d161b5a4380da34b59eb482ec81f202269ae7a09dda037655a36d.jpg,Calypte anna,animals,CC0-1.0,saintaardvark,saintaardvark,5938185156,28eb1a3f-1c15-4a95-931a-4af90ecb574d,https://inaturalist-open-data.s3.amazonaws.com/photos/605180404/original.jpg
/content/drive/MyDrive/terra-gbif-full/images/a60a897dbb2d68fff284f993546330486a72e8650033beb5ea887ce3866429ce.jpg,Dendrocopos major,animals,CC-BY-4.0,Becky Hamilton,Becky Hamilton,5938063463,28eb1a3f-1c15-4a95-931a-4af90ecb574d,https://inaturalist-open-data.s3.amazonaws.com/photos/605386109/original.jpg
/content/drive/MyDrive/terra-gbif-full/images/91a9a34d60be2b187f4b0abdf8422c0f78f12f19117d5ac4d74394baa2a5e47a.jpg,Dendrocopos major,animals,CC-BY-4.0,Becky Hamilton,Becky Hamilton,5938063463,28eb1a3f-1c15-4a95-931a-4af90ecb574d,https://inaturalist-open-data.s3.amazonaws.com/photos/605386110/original.jpg
/content/drive/MyDrive/terra-gbif-full/images/083cdbfef211b54e0a2b66b23eb1d0fbc067cb55b3dc1721982b453e8ba4f5b3.jpg,Dendrocopos major,animals,CC-BY-4.0,Becky Hamilton,Becky Hamilton,5938063463,28eb1a3f-1c15-4a95-931a-4af90ecb574d,https://inaturalist-open-data.s3.amazonaws.com/photos/605386129/original.jpg
/content/drive/MyDrive/terra-gbif-full/images/fc85131b533fb5fef0571d57a2f5799aab10f13ff697dfab369248ee86f5cbd4.jpg,Dendrocopos major,animals,CC-BY-4.0,Becky Hamilton,Becky Hamilton,5938063463,28eb1a3f-1c15-4a95-931a-4af90ecb574d,https://inaturalist-open-data.s3.amazonaws.com/photos/605386139/original.jpg
/content/drive/MyDrive/terra-gbif-full/images/c9eac84dc50479d3736cfeb9da9837f91df9862b908b6849eefda17e8af34187.jpg,Dendrocopos major,animals,CC-BY-4.0,Ирина Хохрякова,Ирина Хохрякова,5938071012,28eb1a3f-1c15-4a95-931a-4af90ecb574d,https://inaturalist-open-data.s3.amazonaws.com/photos/605104718/original.jpg
/content/drive/MyDrive/terra-gbif-full/images/4c1a43f08efa446ee1cddab4b58cf7191f7d5d920a359f8143aa1e8e3b4fc2f3.jpg,Dendrocopos major,animals,CC-BY-4.0,lvicatko,lvicatko,5938099981,28eb1a3f-1c15-4a95-931a-4af90ecb574d,https://inaturalist-open-data.s3.amazonaws.com/photos/604494162/original.jpg
/content/drive/MyDrive/terra-gbif-full/images/89d6f5a6e99b91776208919e1abbf665b27d4b2d1a46840863bc5c2130b21e26.jpg,Dendrocopos major,animals,CC-BY-4.0,lvicatko,lvicatko,5938099981,28eb1a3f-1c15-4a95-931a-4af90ecb574d,https://inaturalist-open-data.s3.amazonaws.com/photos/604494161/original.jpg
/content/drive/MyDrive/terra-gbif-full/images/eff84ecc7ace3524a788a9ab0c6379e7e1ffab77b607160e68dab24b2a2e1ecf.jpg,Dendrocopos major,animals,CC-BY-4.0,Martin Scheidleder,Martin Scheidleder,5938110358,28eb1a3f-1c15-4a95-931a-4af90ecb574d,https://inaturalist-open-data.s3.amazonaws.com/photos/605669565/original.jpg
/content/drive/MyDrive/terra-gbif-full/images/fa8cbbd151aaa41bdc47eecad94866f61e5ed7763f698cf1b8f9380e75cd31f7.jpg,Dendrocopos major,animals,CC-BY-4.0,Михаил Языков,Михаил Языков,5938117696,28eb1a3f-1c15-4a95-931a-4af90ecb574d,https://inaturalist-open-data.s3.amazonaws.com/photos/605455484/original.jpg
/content/drive/MyDrive/terra-gbif-full/images/b3262a44f4bef678e3cc880170e793b9f33b4469db77b7bf7fbab32394f976f3.jpg,Dendrocopos major,animals,CC-BY-4.0,Михаил Языков,Михаил Языков,5938117696,28eb1a3f-1c15-4a95-931a-4af90ecb574d,https://inaturalist-open-data.s3.amazonaws.com/photos/605455522/original.jpg
/content/drive/MyDrive/terra-gbif-full/images/143c12ad3fe5f7ee83d31bfac33b5e0530c5806db4a23d4f59c70ebfc007c715.jpg,Dendrocopos major,animals,CC-BY-4.0,Becky Hamilton,Becky Hamilton,5938160224,28eb1a3f-1c15-4a95-931a-4af90ecb574d,https://inaturalist-open-data.s3.amazonaws.com/photos/604457547/original.jpg
/content/drive/MyDrive/terra-gbif-full/images/403cdb9c42fc75da9a5aba32fb39a03f5c67957fb662ff27764c6f93d226674b.jpg,Dendrocopos major,animals,CC-BY-4.0,Ирина Хохрякова,Ирина Хохрякова,5938162931,28eb1a3f-1c15-4a95-931a-4af90ecb574d,https://inaturalist-open-data.s3.amazonaws.com/photos/605117045/original.jpg
/content/drive/MyDrive/terra-gbif-full/images/f126bf816e0cb22b7f7f631ece5ae932dd79d5a188fcc0f9f025232d30464738.jpg,Dendrocopos major,animals,CC-BY-4.0,Павел,Павел,5938172414,28eb1a3f-1c15-4a95-931a-4af90ecb574d,https://inaturalist-open-data.s3.amazonaws.com/photos/605305353/original.jpg
/content/drive/MyDrive/terra-gbif-full/images/f674cc45b0beaeb009786d5349fa30cc8640166d57236b819ae8c1392994df7d.jpg,Dendrocopos major,animals,CC-BY-4.0,Anastasia_Surkova,Anastasia_Surkova,5938206745,28eb1a3f-1c15-4a95-931a-4af90ecb574d,https://inaturalist-open-data.s3.amazonaws.com/photos/605353252/original.jpg
/content/drive/MyDrive/terra-gbif-full/images/57c2184987e53166fdf957435508a16c3019bdb09892d1dde0db4dabaed96183.jpg,Dendrocopos major,animals,CC-BY-4.0,Anastasia_Surkova,Anastasia_Surkova,5938206745,28eb1a3f-1c15-4a95-931a-4af90ecb574d,https://inaturalist-open-data.s3.amazonaws.com/photos/605353243/original.jpg
/content/drive/MyDrive/terra-gbif-full/images/3adc13d490bae09b710807b1a04bf187b19ff5c0911cce6632b8c6f87ab172c8.jpg,Dendrocopos major,animals,CC-BY-4.0,Anastasia_Surkova,Anastasia_Surkova,5938206745,28eb1a3f-1c15-4a95-931a-4af90ecb574d,https://inaturalist-open-data.s3.amazonaws.com/photos/605353260/original.jpg
/content/drive/MyDrive/terra-gbif-full/images/a31c997bbc42c7eaa30dbea4b6b39a951f2b701a9ad65046ac5eb5ab3c2442e5.jpg,Dendrocopos major,animals,CC-BY-4.0,Anastasia_Surkova,Anastasia_Surkova,5938206745,28eb1a3f-1c15-4a95-931a-4af90ecb574d,https://inaturalist-open-data.s3.amazonaws.com/photos/605353238/original.jpg
/content/drive/MyDrive/terra-gbif-full/images/c17768bfd18d15ab8a66b19c0761b544c91b2473da2f3f1fcc0e75f0db56fcea.jpg,Dendrocopos major,animals,CC-BY-4.0,Anastasia_Surkova,Anastasia_Surkova,5938206745,28eb1a3f-1c15-4a95-931a-4af90ecb574d,https://inaturalist-open-data.s3.amazonaws.com/photos/605353228/original.jpg
/content/drive/MyDrive/terra-gbif-full/images/46feba05abe352f8839f2bcbee9064aa76e4c28de0b811de661e1ae187c12164.jpg,Dendrocopos major,animals,CC-BY-4.0,Anastasia_Surkova,Anastasia_Surkova,5938206745,28eb1a3f-1c15-4a95-931a-4af90ecb574d,https://inaturalist-open-data.s3.amazonaws.com/photos/605353204/original.jpg
/content/drive/MyDrive/terra-gbif-full/images/84eccc2f5aa27907834a35511928c05a2d1c8d5bffe57a384b2c65f05033b672.jpg,Dendrocopos major,animals,CC-BY-4.0,Anastasia_Surkova,Anastasia_Surkova,5938206745,28eb1a3f-1c15-4a95-931a-4af90ecb574d,https://inaturalist-open-data.s3.amazonaws.com/photos/605353159/original.jpg
/content/drive/MyDrive/terra-gbif-full/images/50f34fec2307554e7cfbfae999da1406e123825db57bc5b36923b2d69a25a13e.jpg,Dendrocopos major,animals,CC-BY-4.0,Anastasia_Surkova,Anastasia_Surkova,5938206745,28eb1a3f-1c15-4a95-931a-4af90ecb574d,https://inaturalist-open-data.s3.amazonaws.com/photos/605353150/original.jpg
/content/drive/MyDrive/terra-gbif-full/images/862dbffbdded20d2108adbc6065bd0e7aaa378a86ad88aab2466b3bfa743c101.jpg,Dendrocopos major,animals,CC-BY-4.0,Anastasia_Surkova,Anastasia_Surkova,5938206745,28eb1a3f-1c15-4a95-931a-4af90ecb574d,https://inaturalist-open-data.s3.amazonaws.com/photos/605353147/original.jpg
/content/drive/MyDrive/terra-gbif-full/images/a5cb032a507a02805d554c89dad79ae4dec00e05912d46a6e3621510323cc0a3.jpg,Dendrocopos major,animals,CC-BY-4.0,Anastasia_Surkova,Anastasia_Surkova,5938206745,28eb1a3f-1c15-4a95-931a-4af90ecb574d,https://inaturalist-open-data.s3.amazonaws.com/photos/605353138/original.jpg
/content/drive/MyDrive/terra-gbif-full/images/c290b5364fcffca7b40b458049fc9dd985c7eeed705d0220ff76920e9eb7ffbe.jpg,Dendrocopos major,animals,CC-BY-4.0,Anastasia_Surkova,Anastasia_Surkova,5938206745,28eb1a3f-1c15-4a95-931a-4af90ecb574d,https://inaturalist-open-data.s3.amazonaws.com/photos/605353133/original.jpg
/content/drive/MyDrive/terra-gbif-full/images/2fb4571535a3a8a3ef65ca1e96031e8b419b4b4638bc7f65d0c3df561480ae8a.jpg,Dendrocopos major,animals,CC-BY-4.0,Anastasia_Surkova,Anastasia_Surkova,5938206745,28eb1a3f-1c15-4a95-931a-4af90ecb574d,https://inaturalist-open-data.s3.amazonaws.com/photos/605353136/original.jpg
/content/drive/MyDrive/terra-gbif-full/images/87716d9c98e9c913311e67098dc9b17873f3fa77f369fa86ddcbbb2172775611.jpg,Athelia arachnoidea,fungi,CC-BY-4.0,Andrey Polstianoi,Andrey Polstianoi,5938027846,28eb1a3f-1c15-4a95-931a-4af90ecb574d,https://inaturalist-open-data.s3.amazonaws.com/photos/605054896/original.jpg
/content/drive/MyDrive/terra-gbif-full/images/e35411ef7371ea9defd6dfbf043fd4ce48fe399bd3e4c230263df806d365cfa0.jpg,Athelia arachnoidea,fungi,CC-BY-4.0,Andrey Polstianoi,Andrey Polstianoi,5938027846,28eb1a3f-1c15-4a95-931a-4af90ecb574d,https://inaturalist-open-data.s3.amazonaws.com/photos/605054911/original.jpg
/content/drive/MyDrive/terra-gbif-full/images/49ad4f727dd08c0b7923c440fad01a2d99db9b13a19778abce5e5841800d2594.jpg,Athelia arachnoidea,fungi,CC-BY-SA-4.0,Björn Sothmann,Björn Sothmann,5938032594,28eb1a3f-1c15-4a95-931a-4af90ecb574d,https://inaturalist-open-data.s3.amazonaws.com/photos/604881051/original.jpg
/content/drive/MyDrive/terra-gbif-full/images/62c08fdde0b69a14d94e1e33e910fbf872376e725370453e72ca2efe3c2acad3.jpg,Athelia arachnoidea,fungi,CC-BY-SA-4.0,Björn Sothmann,Björn Sothmann,5938032594,28eb1a3f-1c15-4a95-931a-4af90ecb574d,https://inaturalist-open-data.s3.amazonaws.com/photos/604881195/original.jpg
/content/drive/MyDrive/terra-gbif-full/images/1f65b9fce9cb5fba93728d82f69d3ca28e877003260e8f157527db06a63a8de0.jpg,Athelia arachnoidea,fungi,CC-BY-SA-4.0,Björn Sothmann,Björn Sothmann,5938032594,28eb1a3f-1c15-4a95-931a-4af90ecb574d,https://inaturalist-open-data.s3.amazonaws.com/photos/604881243/original.jpg
/content/drive/MyDrive/terra-gbif-full/images/52a7970ce29b8d9443cec9780467ab5eb5821d4490e4fb50f57928a8fa7456c2.jpg,Athelia arachnoidea,fungi,CC-BY-SA-4.0,Björn Sothmann,Björn Sothmann,5938032594,28eb1a3f-1c15-4a95-931a-4af90ecb574d,https://inaturalist-open-data.s3.amazonaws.com/photos/604881810/original.jpg
/content/drive/MyDrive/terra-gbif-full/images/ae4cab32551a7746bb822b10db821a862ea26699a343bc285027ee1e50e90ca4.jpg,Athelia arachnoidea,fungi,CC-BY-SA-4.0,Björn Sothmann,Björn Sothmann,5938032594,28eb1a3f-1c15-4a95-931a-4af90ecb574d,https://inaturalist-open-data.s3.amazonaws.com/photos/604881788/original.jpg
/content/drive/MyDrive/terra-gbif-full/images/25ef7959e978cefff91d7d5fcf5d99b72efdbfe570432860bd15e25061dffb86.jpg,Athelia arachnoidea,fungi,CC-BY-SA-4.0,Björn Sothmann,Björn Sothmann,5938032594,28eb1a3f-1c15-4a95-931a-4af90ecb574d,https://inaturalist-open-data.s3.amazonaws.com/photos/604881653/original.jpg
/content/drive/MyDrive/terra-gbif-full/images/3d8e5d1c58dbfa46b9e8729385b6af741fd4f77b7db9514bded6d40c9828a89e.jpg,Athelia arachnoidea,fungi,CC-BY-SA-4.0,Björn Sothmann,Björn Sothmann,5938032594,28eb1a3f-1c15-4a95-931a-4af90ecb574d,https://inaturalist-open-data.s3.amazonaws.com/photos/604881852/original.jpg
/content/drive/MyDrive/terra-gbif-full/images/043f1ce4f2303e65e4d8d4044821e8006c947e714aa91a377c91f3dfccf2f9c3.jpg,Athelia arachnoidea,fungi,CC-BY-SA-4.0,Björn Sothmann,Björn Sothmann,5938032594,28eb1a3f-1c15-4a95-931a-4af90ecb574d,https://inaturalist-open-data.s3.amazonaws.com/photos/604882094/original.jpg
/content/drive/MyDrive/terra-gbif-full/images/14345f118e8b61ebcbc3d0aa8a8e703d3c532fd957fdf6f9948cca598bc8f602.jpg,Athelia arachnoidea,fungi,CC-BY-SA-4.0,Björn Sothmann,Björn Sothmann,5938032594,28eb1a3f-1c15-4a95-931a-4af90ecb574d,https://inaturalist-open-data.s3.amazonaws.com/photos/604882133/original.jpg
/content/drive/MyDrive/terra-gbif-full/images/dc29be576a97e9f4b6ced32f8c348ffaf6765af51f5c38611393bef57f28ccad.jpg,Athelia arachnoidea,fungi,CC-BY-SA-4.0,Björn Sothmann,Björn Sothmann,5938032594,28eb1a3f-1c15-4a95-931a-4af90ecb574d,https://inaturalist-open-data.s3.amazonaws.com/photos/604882241/original.jpg
/content/drive/MyDrive/terra-gbif-full/images/8d444c6ca254c973eca18dec41bd75b052b47c2136223c65657eb6ca212d3293.jpg,Athelia arachnoidea,fungi,CC-BY-SA-4.0,Björn Sothmann,Björn Sothmann,5938032594,28eb1a3f-1c15-4a95-931a-4af90ecb574d,https://inaturalist-open-data.s3.amazonaws.com/photos/604882383/original.jpg
/content/drive/MyDrive/terra-gbif-full/images/269b64ff0554dd53600b28d008dd3303d835ad04aaab639f97fb046e5fa27514.jpg,Athelia arachnoidea,fungi,CC-BY-SA-4.0,Björn Sothmann,Björn Sothmann,5938032594,28eb1a3f-1c15-4a95-931a-4af90ecb574d,https://inaturalist-open-data.s3.amazonaws.com/photos/604882447/original.jpg
/content/drive/MyDrive/terra-gbif-full/images/80d45093c3d090f58f3d5ba0bcea6a196c3152e0618a434bb53d7ffe7a88fb50.jpg,Athelia arachnoidea,fungi,CC-BY-SA-4.0,Björn Sothmann,Björn Sothmann,5938032594,28eb1a3f-1c15-4a95-931a-4af90ecb574d,https://inaturalist-open-data.s3.amazonaws.com/photos/604882567/original.jpg
/content/drive/MyDrive/terra-gbif-full/images/e4cf57dafd463479ed3cd51855b37e3509bd427dc23fc042430f535cf53914cd.jpg,Athelia arachnoidea,fungi,CC-BY-SA-4.0,Björn Sothmann,Björn Sothmann,5938032594,28eb1a3f-1c15-4a95-931a-4af90ecb574d,https://inaturalist-open-data.s3.amazonaws.com/photos/604882590/original.jpg
/content/drive/MyDrive/terra-gbif-full/images/a20cd0d6b2bccb2e7b15d843cf17906e64bb0fee220ae37afa9ad1bdac2a1213.jpg,Athelia arachnoidea,fungi,CC-BY-SA-4.0,Björn Sothmann,Björn Sothmann,5938032594,28eb1a3f-1c15-4a95-931a-4af90ecb574d,https://inaturalist-open-data.s3.amazonaws.com/photos/604882726/original.jpg
/content/drive/MyDrive/terra-gbif-full/images/87405f2eadb877a5257f9f1e439c66ea868aab6bf1188298b4cab71f9cd32f83.jpg,Athelia arachnoidea,fungi,CC-BY-SA-4.0,Björn Sothmann,Björn Sothmann,5938032594,28eb1a3f-1c15-4a95-931a-4af90ecb574d,https://inaturalist-open-data.s3.amazonaws.com/photos/604882823/original.jpg
/content/drive/MyDrive/terra-gbif-full/images/4285701ffbb6476b41982adbefc1db3934bb3891901bbaae7274a696dc46faac.jpg,Athelia arachnoidea,fungi,CC-BY-SA-4.0,Björn Sothmann,Björn Sothmann,5938032594,28eb1a3f-1c15-4a95-931a-4af90ecb574d,https://inaturalist-open-data.s3.amazonaws.com/photos/604882846/original.jpg
/content/drive/MyDrive/terra-gbif-full/images/dc97e7cd5cb27d34163380251a95a9ee26d952939a30151c5b3fe44c88238efa.jpg,Athelia arachnoidea,fungi,CC-BY-4.0,Andrey Polstianoi,Andrey Polstianoi,5938044688,28eb1a3f-1c15-4a95-931a-4af90ecb574d,https://inaturalist-open-data.s3.amazonaws.com/photos/605062702/original.jpg
/content/drive/MyDrive/terra-gbif-full/images/5bfcb0de76bb8d332c6553d33cb2279625a6d3d3f1b26076cc7e80b8438c6524.jpg,Athelia arachnoidea,fungi,CC-BY-4.0,Andrey Polstianoi,Andrey Polstianoi,5938044688,28eb1a3f-1c15-4a95-931a-4af90ecb574d,https://inaturalist-open-data.s3.amazonaws.com/photos/605062714/original.jpg
/content/drive/MyDrive/terra-gbif-full/images/1b44c54e649b64b1f99b7ceacb2c36ca54655742991733bbcb4fdcf1b19b8c7f.jpg,Athelia arachnoidea,fungi,CC-BY-4.0,Andrey Polstianoi,Andrey Polstianoi,5938164811,28eb1a3f-1c15-4a95-931a-4af90ecb574d,https://inaturalist-open-data.s3.amazonaws.com/photos/605056770/original.jpg
/content/drive/MyDrive/terra-gbif-full/images/d0543cc8f719efd5c523b10670e8fffd8026531bab48b791cbc0e476312de8c7.jpg,Athelia arachnoidea,fungi,CC-BY-4.0,Andrey Polstianoi,Andrey Polstianoi,5938164811,28eb1a3f-1c15-4a95-931a-4af90ecb574d,https://inaturalist-open-data.s3.amazonaws.com/photos/605056785/original.jpg
/content/drive/MyDrive/terra-gbif-full/images/5506cb4296cdb2e37227ea58b3e8ea97bc2ce680fb1fb9ba744ba78e78e1da4d.jpg,Athelia arachnoidea,fungi,CC-BY-4.0,Andrey Polstianoi,Andrey Polstianoi,5938191864,28eb1a3f-1c15-4a95-931a-4af90ecb574d,https://inaturalist-open-data.s3.amazonaws.com/photos/605063162/original.jpg
/content/drive/MyDrive/terra-gbif-full/images/e38d1bae1f781a38694581ec52f9dad448616dd3387ec129069f5155c2239919.jpg,Athelia arachnoidea,fungi,CC-BY-4.0,Andrey Polstianoi,Andrey Polstianoi,5938191864,28eb1a3f-1c15-4a95-931a-4af90ecb574d,https://inaturalist-open-data.s3.amazonaws.com/photos/605063178/original.jpg
/content/drive/MyDrive/terra-gbif-full/images/fa4aba34870595532e851511d6b42187d988c1eafa3a62f75d27d902a3c969a6.jpg,Trametes versicolor,fungi,CC-BY-4.0,Annette Herz,Annette Herz,5938032848,28eb1a3f-1c15-4a95-931a-4af90ecb574d,https://inaturalist-open-data.s3.amazonaws.com/photos/605588064/original.jpg
/content/drive/MyDrive/terra-gbif-full/images/e7dc9bdb88bc519c3c3aaf317eec16ce26081691b55c310396638906d03cf3da.jpg,Trametes versicolor,fungi,CC-BY-4.0,Annette Herz,Annette Herz,5938032848,28eb1a3f-1c15-4a95-931a-4af90ecb574d,https://inaturalist-open-data.s3.amazonaws.com/photos/605588055/original.jpg
/content/drive/MyDrive/terra-gbif-full/images/b8125925e489321b673884bd9b0f286f840a89da2fdd0975bb45c49b69a2e509.jpg,Trametes versicolor,fungi,CC-BY-4.0,Carminda Santos,Carminda Santos,5938042367,28eb1a3f-1c15-4a95-931a-4af90ecb574d,https://inaturalist-open-data.s3.amazonaws.com/photos/605460788/original.jpg
/content/drive/MyDrive/terra-gbif-full/images/465601786e835c1599eb9847bbd2504f83511151ed87600639bea1b813a1c8be.jpg,Trametes versicolor,fungi,CC-BY-4.0,Carminda Santos,Carminda Santos,5938042367,28eb1a3f-1c15-4a95-931a-4af90ecb574d,https://inaturalist-open-data.s3.amazonaws.com/photos/605460800/original.jpg
/content/drive/MyDrive/terra-gbif-full/images/b33317d12401873a21da929fa27ad48fc63c2ff0ced68543685099af1e1d706f.jpg,Trametes versicolor,fungi,CC-BY-4.0,Carminda Santos,Carminda Santos,5938042367,28eb1a3f-1c15-4a95-931a-4af90ecb574d,https://inaturalist-open-data.s3.amazonaws.com/photos/605460808/original.jpg
/content/drive/MyDrive/terra-gbif-full/images/c2fc16146c1d4a67d34ff58869985ec41115853f2ef027e24863c3fc20ddcfc5.jpg,Trametes versicolor,fungi,CC-BY-4.0,Carminda Santos,Carminda Santos,5938042367,28eb1a3f-1c15-4a95-931a-4af90ecb574d,https://inaturalist-open-data.s3.amazonaws.com/photos/605460816/original.jpg
/content/drive/MyDrive/terra-gbif-full/images/f5c75a32651954c9bcc6f141b60221cb76883eabb791a2af4bd53ff187c0a4a0.jpg,Trametes versicolor,fungi,CC-BY-4.0,Carminda Santos,Carminda Santos,5938042367,28eb1a3f-1c15-4a95-931a-4af90ecb574d,https://inaturalist-open-data.s3.amazonaws.com/photos/605372129/original.jpg
/content/drive/MyDrive/terra-gbif-full/images/72d6b2dae539da8715ea139c968e5e157897f6dde42bc005a87518eb4eaaf606.jpg,Trametes versicolor,fungi,CC-BY-4.0,Carminda Santos,Carminda Santos,5938042367,28eb1a3f-1c15-4a95-931a-4af90ecb574d,https://inaturalist-open-data.s3.amazonaws.com/photos/605372098/original.jpg
/content/drive/MyDrive/terra-gbif-full/images/ed60bcb231ba976f91df1c18aa2025549853844bd6dce9057d26eeb4e015ca54.jpg,Trametes versicolor,fungi,CC-BY-4.0,Carminda Santos,Carminda Santos,5938042367,28eb1a3f-1c15-4a95-931a-4af90ecb574d,https://inaturalist-open-data.s3.amazonaws.com/photos/605372164/original.jpg
/content/drive/MyDrive/terra-gbif-full/images/e87b0152a25ec196a549eee009f64d2a2b603179c94ecd718ddf5c72a3509983.jpg,Trametes versicolor,fungi,CC-BY-4.0,Dan Vickers,Dan Vickers,5938049804,28eb1a3f-1c15-4a95-931a-4af90ecb574d,https://inaturalist-open-data.s3.amazonaws.com/photos/604929795/original.jpg
/content/drive/MyDrive/terra-gbif-full/images/eb5c28a5cbd4141a7e080a876ed74c8f740e64b82a545e45af69ceacfda36dfc.jpg,Trametes versicolor,fungi,CC-BY-4.0,Hill Craddock,Hill Craddock,5938067955,28eb1a3f-1c15-4a95-931a-4af90ecb574d,https://inaturalist-open-data.s3.amazonaws.com/photos/605558413/original.jpg
/content/drive/MyDrive/terra-gbif-full/images/0b83e63b5b03f9d2a95e1b88006dfa02d7fd34affc7ca845a474adbedfbcc009.jpg,Trametes versicolor,fungi,CC-BY-4.0,Hill Craddock,Hill Craddock,5938067955,28eb1a3f-1c15-4a95-931a-4af90ecb574d,https://inaturalist-open-data.s3.amazonaws.com/photos/605558422/original.jpg
/content/drive/MyDrive/terra-gbif-full/images/ce58a80a8885a3e704bb17dc5b9693a14c3d295dcdadacec2a27f1227a735a51.jpg,Trametes versicolor,fungi,CC-BY-4.0,Hill Craddock,Hill Craddock,5938067955,28eb1a3f-1c15-4a95-931a-4af90ecb574d,https://inaturalist-open-data.s3.amazonaws.com/photos/605558437/original.jpg
/content/drive/MyDrive/terra-gbif-full/images/704f849932415ae6c9842373b2a2270a0a314cfc2aa6262afea092c4539759a3.jpg,Trametes versicolor,fungi,CC0-1.0,Ingolf Askevold,Ingolf Askevold,5938092565,28eb1a3f-1c15-4a95-931a-4af90ecb574d,https://inaturalist-open-data.s3.amazonaws.com/photos/605481092/original.jpg
/content/drive/MyDrive/terra-gbif-full/images/d9be3259f15bfaa3544a1cda8e2d4e538d556196f82d4e102962c1128c94bd1d.jpg,Trametes versicolor,fungi,CC0-1.0,Ingolf Askevold,Ingolf Askevold,5938092565,28eb1a3f-1c15-4a95-931a-4af90ecb574d,https://inaturalist-open-data.s3.amazonaws.com/photos/605492592/original.jpg
/content/drive/MyDrive/terra-gbif-full/images/1a63c3bc12535488adc7c59bbecc85d8fd895db944f0bd3b7171f0e851546ba3.jpg,Trametes versicolor,fungi,CC0-1.0,Ingolf Askevold,Ingolf Askevold,5938092565,28eb1a3f-1c15-4a95-931a-4af90ecb574d,https://inaturalist-open-data.s3.amazonaws.com/photos/605481178/original.jpg
/content/drive/MyDrive/terra-gbif-full/images/7e05682fcc26dd8ee0f259947fc229ee98915b835c1263959a7737b76f46568e.jpg,Trametes versicolor,fungi,CC0-1.0,Ingolf Askevold,Ingolf Askevold,5938092565,28eb1a3f-1c15-4a95-931a-4af90ecb574d,https://inaturalist-open-data.s3.amazonaws.com/photos/605481322/original.jpg
/content/drive/MyDrive/terra-gbif-full/images/f0b7e93beda3c839f568e16ca4f2e2ea1dce30762f994e5734d99fd1feac840b.jpg,Trametes versicolor,fungi,CC0-1.0,Eleanor Reece,Eleanor Reece,5938142527,28eb1a3f-1c15-4a95-931a-4af90ecb574d,https://inaturalist-open-data.s3.amazonaws.com/photos/604509647/original.jpg
/content/drive/MyDrive/terra-gbif-full/images/2dcce4660e0ed9718f7eb4751d0a4518deba06b2a01f2707728d63430157422d.jpg,Trametes versicolor,fungi,CC0-1.0,Eleanor Reece,Eleanor Reece,5938142527,28eb1a3f-1c15-4a95-931a-4af90ecb574d,https://inaturalist-open-data.s3.amazonaws.com/photos/604509664/original.jpg
/content/drive/MyDrive/terra-gbif-full/images/80c7839c91f3e5beef87cbc8a66b590db4137efb3bb67df6038c2a6e5bafee6f.jpg,Trametes versicolor,fungi,CC-BY-4.0,harrier,harrier,5938185219,28eb1a3f-1c15-4a95-931a-4af90ecb574d,https://inaturalist-open-data.s3.amazonaws.com/photos/605289547/original.jpg
/content/drive/MyDrive/terra-gbif-full/images/9befa84923a099898eabab818d3106dadd01199a1a77b6afa92ce2a772268a0b.jpg,Trametes versicolor,fungi,CC-BY-4.0,harrier,harrier,5938185219,28eb1a3f-1c15-4a95-931a-4af90ecb574d,https://inaturalist-open-data.s3.amazonaws.com/photos/605289559/original.jpg
/content/drive/MyDrive/terra-gbif-full/images/49216a7a5c1e75c4cc943d9f6bdc18919cce9994f0b124bcf399379410a34c00.jpg,Trametes versicolor,fungi,CC0-1.0,Conway Hawn,Conway Hawn,5938185848,28eb1a3f-1c15-4a95-931a-4af90ecb574d,https://inaturalist-open-data.s3.amazonaws.com/photos/605161334/original.jpg
/content/drive/MyDrive/terra-gbif-full/images/337b5e99b7a6427d46cfd938c7aa558f964d334b69f74c38827a00782acd067c.jpg,Trametes versicolor,fungi,CC-BY-4.0,ashleyrsteel,ashleyrsteel,5938190359,28eb1a3f-1c15-4a95-931a-4af90ecb574d,https://inaturalist-open-data.s3.amazonaws.com/photos/604658181/original.jpg
/content/drive/MyDrive/terra-gbif-full/images/cca95877b81a7e6f21cf422b63556e4c2637fd7c5b9685519c72872083eb273f.jpg,Trametes versicolor,fungi,CC-BY-4.0,ashleyrsteel,ashleyrsteel,5938190359,28eb1a3f-1c15-4a95-931a-4af90ecb574d,https://inaturalist-open-data.s3.amazonaws.com/photos/604658205/original.jpg
/content/drive/MyDrive/terra-gbif-full/images/0ac5ea318b01fe75cde0b896a06ae6dffe1ac6b4da07c0484d06eec650dade22.jpg,Trametes versicolor,fungi,CC-BY-4.0,ashleyrsteel,ashleyrsteel,5938190359,28eb1a3f-1c15-4a95-931a-4af90ecb574d,https://inaturalist-open-data.s3.amazonaws.com/photos/604658232/original.jpg
/content/drive/MyDrive/terra-gbif-full/images/3946a7a8e7c9d9973bb92ae5b8c7be47f255078a02a8e92030669067d374486b.jpg,Apis mellifera,insects,CC0-1.0,Vince Hale,Vince Hale,5938101880,28eb1a3f-1c15-4a95-931a-4af90ecb574d,https://inaturalist-open-data.s3.amazonaws.com/photos/605495583/original.jpg
/content/drive/MyDrive/terra-gbif-full/images/189407f6844636c4bedc86888552d2a1418feda9551108768dcd62ee5e2ce387.jpg,Apis mellifera,insects,CC-BY-SA-4.0,Nick T.,Nick T.,5938107337,28eb1a3f-1c15-4a95-931a-4af90ecb574d,https://inaturalist-open-data.s3.amazonaws.com/photos/604890480/original.jpg
/content/drive/MyDrive/terra-gbif-full/images/9a239211065f06648e4c6678670c64e89c6a68733d04fc0f97774dc215cdc47b.jpg,Apis mellifera,insects,CC-BY-4.0,Louis Aureglia,Louis Aureglia,5938116666,28eb1a3f-1c15-4a95-931a-4af90ecb574d,https://inaturalist-open-data.s3.amazonaws.com/photos/604523707/original.jpg
/content/drive/MyDrive/terra-gbif-full/images/3b6351a69cb8f250a4a529898d8d92ccf64b49090b55e88af194043a0380b269.jpg,Apis mellifera,insects,CC-BY-4.0,Maria Luisa Bravo Alarcon,Maria Luisa Bravo Alarcon,5938142710,28eb1a3f-1c15-4a95-931a-4af90ecb574d,https://inaturalist-open-data.s3.amazonaws.com/photos/604788224/original.jpg
/content/drive/MyDrive/terra-gbif-full/images/24fdbd2760ff25684b092a169e151666acd92c0a0bc8529daf1d185bb9d95f1a.jpg,Apis mellifera,insects,CC-BY-4.0,Aidan Tsoumbakos,Aidan Tsoumbakos,5938151360,28eb1a3f-1c15-4a95-931a-4af90ecb574d,https://inaturalist-open-data.s3.amazonaws.com/photos/604908112/original.jpg
/content/drive/MyDrive/terra-gbif-full/images/f5ecdd63d5397bd2b663f28e062837c5488c851dde4436e09f85b96d16636f8d.jpg,Apis mellifera,insects,CC-BY-4.0,Aidan Tsoumbakos,Aidan Tsoumbakos,5938151360,28eb1a3f-1c15-4a95-931a-4af90ecb574d,https://inaturalist-open-data.s3.amazonaws.com/photos/605451963/original.jpg
/content/drive/MyDrive/terra-gbif-full/images/01d2d5860ee3514798b42017674462b146aee8d533ed090cccb60ac0075df136.jpg,Apis mellifera,insects,CC0-1.0,Karen McCabe,Karen McCabe,5938157477,28eb1a3f-1c15-4a95-931a-4af90ecb574d,https://inaturalist-open-data.s3.amazonaws.com/photos/604455570/original.jpg
/content/drive/MyDrive/terra-gbif-full/images/eb9b7ca3f4b74a212b8ec6b8ff3765496f2c227c825e051948f2490a86c9897a.jpg,Apis mellifera,insects,CC0-1.0,Karen McCabe,Karen McCabe,5938157477,28eb1a3f-1c15-4a95-931a-4af90ecb574d,https://inaturalist-open-data.s3.amazonaws.com/photos/604455603/original.jpg
/content/drive/MyDrive/terra-gbif-full/images/48339b8c4e3a70261f2a4d004c2b7ae538e5abb1a3a5816d901e32ff539296bb.jpg,Apis mellifera,insects,CC0-1.0,Karen McCabe,Karen McCabe,5938157477,28eb1a3f-1c15-4a95-931a-4af90ecb574d,https://inaturalist-open-data.s3.amazonaws.com/photos/604460634/original.jpg
/content/drive/MyDrive/terra-gbif-full/images/bd011e67862d787ed36e9934ffd79cc8fa0c964bd78236d98bb2b3cf1f3249df.jpg,Apis mellifera,insects,CC0-1.0,Karen McCabe,Karen McCabe,5938157477,28eb1a3f-1c15-4a95-931a-4af90ecb574d,https://inaturalist-open-data.s3.amazonaws.com/photos/604460646/original.jpg
/content/drive/MyDrive/terra-gbif-full/images/214b037c9398c4182f3bacef3145fc20e154f51561607ab3afac0b63fce5aea1.jpg,Apis mellifera,insects,CC0-1.0,Karen McCabe,Karen McCabe,5938157477,28eb1a3f-1c15-4a95-931a-4af90ecb574d,https://inaturalist-open-data.s3.amazonaws.com/photos/604460663/original.jpg
/content/drive/MyDrive/terra-gbif-full/images/aa0928eceeeff012bede357fc2421ddb4683b87e995a1b634106d47e681a41dd.jpg,Apis mellifera,insects,CC-BY-4.0,Michael Tidwell,Michael Tidwell,5938172816,28eb1a3f-1c15-4a95-931a-4af90ecb574d,https://inaturalist-open-data.s3.amazonaws.com/photos/604903774/original.jpg
/content/drive/MyDrive/terra-gbif-full/images/3b7e37af55361a0d0e05d99b49d98e45af4b7b13769b2383f4558830c0db50af.jpg,Apis mellifera,insects,CC-BY-4.0,Michael Tidwell,Michael Tidwell,5938172816,28eb1a3f-1c15-4a95-931a-4af90ecb574d,https://inaturalist-open-data.s3.amazonaws.com/photos/604903771/original.jpg
/content/drive/MyDrive/terra-gbif-full/images/31562564b70633b7f1fc74475a69aaa524b005a2d83641965178a9e1d2c4f496.jpg,Apis mellifera,insects,CC-BY-4.0,Michael Tidwell,Michael Tidwell,5938172816,28eb1a3f-1c15-4a95-931a-4af90ecb574d,https://inaturalist-open-data.s3.amazonaws.com/photos/604903781/original.jpg
/content/drive/MyDrive/terra-gbif-full/images/0467e1796b7add01fbe483101f0a3e281a008af14f43e3de5ebadcfbf43b3cf4.jpg,Apis mellifera,insects,CC-BY-4.0,Michael Tidwell,Michael Tidwell,5938172816,28eb1a3f-1c15-4a95-931a-4af90ecb574d,https://inaturalist-open-data.s3.amazonaws.com/photos/604903780/original.jpg
/content/drive/MyDrive/terra-gbif-full/images/f927aa664c258ca0c3f3d5ee8d464dbd923f0246ad0f732012e0430e66dbccc7.jpg,Apis mellifera,insects,CC-BY-4.0,Michael Tidwell,Michael Tidwell,5938172816,28eb1a3f-1c15-4a95-931a-4af90ecb574d,https://inaturalist-open-data.s3.amazonaws.com/photos/604903795/original.jpg
/content/drive/MyDrive/terra-gbif-full/images/e3d401b5cbdb3f6a282da2a329ba111ea7effbd7a10bc140b321089b89a3c675.jpg,Apis mellifera,insects,CC-BY-4.0,Michael Tidwell,Michael Tidwell,5938172816,28eb1a3f-1c15-4a95-931a-4af90ecb574d,https://inaturalist-open-data.s3.amazonaws.com/photos/604903778/original.jpg
/content/drive/MyDrive/terra-gbif-full/images/43f981ddbbe4e442017c3e478803f9bb213b978afdf945909e5fc6928e670e7e.jpg,Apis mellifera,insects,CC-BY-4.0,Michael Tidwell,Michael Tidwell,5938172816,28eb1a3f-1c15-4a95-931a-4af90ecb574d,https://inaturalist-open-data.s3.amazonaws.com/photos/604903786/original.jpg
/content/drive/MyDrive/terra-gbif-full/images/c209a0f7d89b275886cffde8f59a4646626b3e5a13094fc5abb4f3a135371e07.jpg,Apis mellifera,insects,CC0-1.0,nickajacket,nickajacket,5938173871,28eb1a3f-1c15-4a95-931a-4af90ecb574d,https://inaturalist-open-data.s3.amazonaws.com/photos/605738201/original.jpg
/content/drive/MyDrive/terra-gbif-full/images/0bd506e802b2e0fa5e85d3b6f8f5257f5c03144b3017a3d39a7d804311d0124b.jpg,Apis mellifera,insects,CC-BY-SA-4.0,Nick T.,Nick T.,5938211771,28eb1a3f-1c15-4a95-931a-4af90ecb574d,https://inaturalist-open-data.s3.amazonaws.com/photos/604888276/original.jpg
/content/drive/MyDrive/terra-gbif-full/images/0bf8674949c90965de95c9576d7771a6701f3de98f7d590610c2ad21b83522bb.jpg,Apis mellifera,insects,CC-BY-SA-4.0,Nick T.,Nick T.,5938211771,28eb1a3f-1c15-4a95-931a-4af90ecb574d,https://inaturalist-open-data.s3.amazonaws.com/photos/604888270/original.jpg
/content/drive/MyDrive/terra-gbif-full/images/c581410aa7b2ab5739fbbe3d5f2bcd3367ded15cb499e095665369c3f85406f7.jpg,Apis mellifera,insects,CC-BY-4.0,Marcelo Schmidt Roberti,Marcelo Schmidt Roberti,5938213327,28eb1a3f-1c15-4a95-931a-4af90ecb574d,https://inaturalist-open-data.s3.amazonaws.com/photos/605167306/original.jpg
/content/drive/MyDrive/terra-gbif-full/images/2112d810070502626888c4751eb80b9ae803f41ccbda50fb0ed90137e297a131.jpg,Apis mellifera,insects,CC-BY-4.0,David Wales,David Wales,5938236128,28eb1a3f-1c15-4a95-931a-4af90ecb574d,https://inaturalist-open-data.s3.amazonaws.com/photos/604368227/original.jpg
/content/drive/MyDrive/terra-gbif-full/images/ffd90ffefdac499e802d01fe0aeec606ec6bddbcfe56caea6e2216923861931e.jpg,Apis mellifera,insects,CC-BY-4.0,David Wales,David Wales,5938236128,28eb1a3f-1c15-4a95-931a-4af90ecb574d,https://inaturalist-open-data.s3.amazonaws.com/photos/604368249/original.jpg
/content/drive/MyDrive/terra-gbif-full/images/7e8e33b6c530f011ee2b6ff06fdf15edee3d80e037c26338543aa12aeb53e755.jpg,Apis mellifera,insects,CC-BY-4.0,David Wales,David Wales,5938236128,28eb1a3f-1c15-4a95-931a-4af90ecb574d,https://inaturalist-open-data.s3.amazonaws.com/photos/604368269/original.jpg
/content/drive/MyDrive/terra-gbif-full/images/d1cf4831d409c10e8a2012d58ce967975764032f1579b708c56532bc0748cf97.jpg,Phymata fortificata,insects,CC-BY-SA-4.0,Edson Luis Fabro Gasperin,Edson Luis Fabro Gasperin,5938063606,28eb1a3f-1c15-4a95-931a-4af90ecb574d,https://inaturalist-open-data.s3.amazonaws.com/photos/605653110/original.jpg
/content/drive/MyDrive/terra-gbif-full/images/b3cea0aec6c9a570d2d3ca4762d2cc67b7f531e18535c11cc377f497f2f3fdd6.jpg,Phymata fortificata,insects,CC-BY-SA-4.0,Edson Luis Fabro Gasperin,Edson Luis Fabro Gasperin,5938063606,28eb1a3f-1c15-4a95-931a-4af90ecb574d,https://inaturalist-open-data.s3.amazonaws.com/photos/605653137/original.jpg
/content/drive/MyDrive/terra-gbif-full/images/90bc0cffcdc0bdec25ce2c1104c465de9c25a18a4ab9531c925fd193e2acb757.jpg,Phymata fortificata,insects,CC-BY-SA-4.0,Edson Luis Fabro Gasperin,Edson Luis Fabro Gasperin,5938063606,28eb1a3f-1c15-4a95-931a-4af90ecb574d,https://inaturalist-open-data.s3.amazonaws.com/photos/605653157/original.jpg
/content/drive/MyDrive/terra-gbif-full/images/bf488d29def5e0d7f690fdfd069ecb30bc93ac6fb423935fede76bb978044fb0.jpg,Phymata fortificata,insects,CC-BY-SA-4.0,Edson Luis Fabro Gasperin,Edson Luis Fabro Gasperin,5938063606,28eb1a3f-1c15-4a95-931a-4af90ecb574d,https://inaturalist-open-data.s3.amazonaws.com/photos/605653176/original.jpg
/content/drive/MyDrive/terra-gbif-full/images/5244bf4c06b1dab1f4c43fe9009b49aaaed4548350349f87490f5171916e2eea.jpg,Phymata fortificata,insects,CC-BY-SA-4.0,Edson Luis Fabro Gasperin,Edson Luis Fabro Gasperin,5938063606,28eb1a3f-1c15-4a95-931a-4af90ecb574d,https://inaturalist-open-data.s3.amazonaws.com/photos/605653191/original.jpg
/content/drive/MyDrive/terra-gbif-full/images/ff90fb268b9decb3d5e398073f924cb4a87f9cacb32bd4e36dc17171ac2aa8f5.jpg,Phymata fortificata,insects,CC-BY-SA-4.0,Edson Luis Fabro Gasperin,Edson Luis Fabro Gasperin,5938063606,28eb1a3f-1c15-4a95-931a-4af90ecb574d,https://inaturalist-open-data.s3.amazonaws.com/photos/605653204/original.jpg
/content/drive/MyDrive/terra-gbif-full/images/34074d5beac82610908d7a1ef403ba3e855accaf43285d0d41fe2df26bcf8789.jpg,Phymata fortificata,insects,CC-BY-SA-4.0,Edson Luis Fabro Gasperin,Edson Luis Fabro Gasperin,5938063606,28eb1a3f-1c15-4a95-931a-4af90ecb574d,https://inaturalist-open-data.s3.amazonaws.com/photos/605653216/original.jpg
/content/drive/MyDrive/terra-gbif-full/images/ca596b466c54009ca1b1db2c53a087ae5956b8d2e151b4d86ff6de0d78541efd.jpg,Phymata fortificata,insects,CC-BY-SA-4.0,Edson Luis Fabro Gasperin,Edson Luis Fabro Gasperin,5938063606,28eb1a3f-1c15-4a95-931a-4af90ecb574d,https://inaturalist-open-data.s3.amazonaws.com/photos/605653234/original.jpg
/content/drive/MyDrive/terra-gbif-full/images/0aab24e336ee7b316c5dc91db40eeab01527ecdb4a6e6195605d4ee023924f73.jpg,Phymata fortificata,insects,CC-BY-SA-4.0,Edson Luis Fabro Gasperin,Edson Luis Fabro Gasperin,5938063606,28eb1a3f-1c15-4a95-931a-4af90ecb574d,https://inaturalist-open-data.s3.amazonaws.com/photos/605653258/original.jpg
/content/drive/MyDrive/terra-gbif-full/images/6934640ab63b403e84eb00a66ad9335e7c6ae313837db09d472c9d2392d02bc6.jpg,Phymata fortificata,insects,CC-BY-SA-4.0,Edson Luis Fabro Gasperin,Edson Luis Fabro Gasperin,5938063606,28eb1a3f-1c15-4a95-931a-4af90ecb574d,https://inaturalist-open-data.s3.amazonaws.com/photos/605653271/original.jpg
/content/drive/MyDrive/terra-gbif-full/images/f186f232a7a0ed69997b6b0ab4ab6730f3e9d05907c196b09412956827ea51e9.jpg,Phymata fortificata,insects,CC-BY-SA-4.0,Edson Luis Fabro Gasperin,Edson Luis Fabro Gasperin,5938063606,28eb1a3f-1c15-4a95-931a-4af90ecb574d,https://inaturalist-open-data.s3.amazonaws.com/photos/605653286/original.jpg
/content/drive/MyDrive/terra-gbif-full/images/70d574ad5de7986ab89d2cdc9da59df050aadc136a5c3a862cc9d5fa556246d4.jpg,Phymata fortificata,insects,CC-BY-SA-4.0,Edson Luis Fabro Gasperin,Edson Luis Fabro Gasperin,5938063606,28eb1a3f-1c15-4a95-931a-4af90ecb574d,https://inaturalist-open-data.s3.amazonaws.com/photos/605653296/original.jpg
/content/drive/MyDrive/terra-gbif-full/images/9ffe56c7825724851201e4262457fa3498e95be5a6ad0631d41bea407bb13f13.jpg,Phymata fortificata,insects,CC-BY-SA-4.0,Edson Luis Fabro Gasperin,Edson Luis Fabro Gasperin,5938063606,28eb1a3f-1c15-4a95-931a-4af90ecb574d,https://inaturalist-open-data.s3.amazonaws.com/photos/605653309/original.jpg
/content/drive/MyDrive/terra-gbif-full/images/f59eee0239cf0d6deaaadeb2dfa0d2a32c57687bbcc207ff528391f157a17021.jpg,Phymata fortificata,insects,CC-BY-SA-4.0,Edson Luis Fabro Gasperin,Edson Luis Fabro Gasperin,5938063606,28eb1a3f-1c15-4a95-931a-4af90ecb574d,https://inaturalist-open-data.s3.amazonaws.com/photos/605653319/original.jpg
/content/drive/MyDrive/terra-gbif-full/images/5072b2cb7e01ba52d39cb362f5aea9d68bd4fe1faed2df027bcac99823aed3d2.jpg,Phymata fortificata,insects,CC-BY-SA-4.0,Edson Luis Fabro Gasperin,Edson Luis Fabro Gasperin,5938063606,28eb1a3f-1c15-4a95-931a-4af90ecb574d,https://inaturalist-open-data.s3.amazonaws.com/photos/605653333/original.jpg
/content/drive/MyDrive/terra-gbif-full/images/2a81378968919e9e5924fe0ebf1a0e13379215b170e1bdb0b77772e7de7095d9.jpg,Phymata fortificata,insects,CC-BY-SA-4.0,Edson Luis Fabro Gasperin,Edson Luis Fabro Gasperin,5938063606,28eb1a3f-1c15-4a95-931a-4af90ecb574d,https://inaturalist-open-data.s3.amazonaws.com/photos/605653346/original.jpg
/content/drive/MyDrive/terra-gbif-full/images/b96756cc1ca94a2c454853947739186377429d46e6307c422a4937c35a122f50.jpg,Phymata fortificata,insects,CC-BY-SA-4.0,Edson Luis Fabro Gasperin,Edson Luis Fabro Gasperin,5938063606,28eb1a3f-1c15-4a95-931a-4af90ecb574d,https://inaturalist-open-data.s3.amazonaws.com/photos/605653358/original.jpg
/content/drive/MyDrive/terra-gbif-full/images/98f56b444546f59f09de35d07b98ce0fa23676465028a95c09cda1df14eb0697.jpg,Phymata fortificata,insects,CC-BY-SA-4.0,Edson Luis Fabro Gasperin,Edson Luis Fabro Gasperin,5938063606,28eb1a3f-1c15-4a95-931a-4af90ecb574d,https://inaturalist-open-data.s3.amazonaws.com/photos/605653363/original.jpg
/content/drive/MyDrive/terra-gbif-full/images/a82fee5d5abf45567734f615429a355ec4e7dabbb01e677fb08abfbf87733962.jpg,Phymata fortificata,insects,CC-BY-SA-4.0,Edson Luis Fabro Gasperin,Edson Luis Fabro Gasperin,5938063606,28eb1a3f-1c15-4a95-931a-4af90ecb574d,https://inaturalist-open-data.s3.amazonaws.com/photos/605653373/original.jpg
/content/drive/MyDrive/terra-gbif-full/images/c992eb454217d9997bb22ba1cbe7c4b6a6c714c4ea16a1e115d0eeda2e9f1d9e.jpg,Phymata fortificata,insects,CC-BY-SA-4.0,Edson Luis Fabro Gasperin,Edson Luis Fabro Gasperin,5938063606,28eb1a3f-1c15-4a95-931a-4af90ecb574d,https://inaturalist-open-data.s3.amazonaws.com/photos/605653381/original.jpg
/content/drive/MyDrive/terra-gbif-full/images/17cb8e036bfa20a1532e598ec3cc85505f85e04a02a2a9d7bd7f4f74b20d66df.jpg,Ricinus communis,plants,CC-BY-4.0,Raúl A. Ruiz M.,Raúl A. Ruiz M.,5938032418,28eb1a3f-1c15-4a95-931a-4af90ecb574d,https://inaturalist-open-data.s3.amazonaws.com/photos/604623089/original.jpg
/content/drive/MyDrive/terra-gbif-full/images/b0a2c51e832418f949f06d8c8dcc3a1a0cc67e49a009e5ce7bc57ea5d1509627.jpg,Ricinus communis,plants,CC-BY-4.0,Raúl A. Ruiz M.,Raúl A. Ruiz M.,5938032418,28eb1a3f-1c15-4a95-931a-4af90ecb574d,https://inaturalist-open-data.s3.amazonaws.com/photos/604623111/original.jpg
/content/drive/MyDrive/terra-gbif-full/images/10c43224e4ddc509b417c12475f0c5a5a4c2d66e3ce3bce9f0bf4b8b13e40284.jpg,Ricinus communis,plants,CC0-1.0,insiderelic,insiderelic,5938032672,28eb1a3f-1c15-4a95-931a-4af90ecb574d,https://inaturalist-open-data.s3.amazonaws.com/photos/605238683/original.jpg
/content/drive/MyDrive/terra-gbif-full/images/83321f2e53a5b2c2e8649f26b4a9d9aedd784deefe82cfcd826591fd9ece73b1.jpg,Ricinus communis,plants,CC0-1.0,insiderelic,insiderelic,5938032672,28eb1a3f-1c15-4a95-931a-4af90ecb574d,https://inaturalist-open-data.s3.amazonaws.com/photos/605238720/original.jpg
/content/drive/MyDrive/terra-gbif-full/images/da67b8af9b3cd9b164a306e0e3116bb8dbed2de6ff4e486bb6b87a874259efb4.jpg,Ricinus communis,plants,CC-BY-SA-4.0,Pablo F. Domínguez,Pablo F. Domínguez,5938080463,28eb1a3f-1c15-4a95-931a-4af90ecb574d,https://inaturalist-open-data.s3.amazonaws.com/photos/605537877/original.jpg
/content/drive/MyDrive/terra-gbif-full/images/68412e9421bbda81dfa83a1d11f8769cc535227fce87ba819c37a7bb4fc24d41.jpg,Ricinus communis,plants,CC-BY-SA-4.0,Pablo F. Domínguez,Pablo F. Domínguez,5938080463,28eb1a3f-1c15-4a95-931a-4af90ecb574d,https://inaturalist-open-data.s3.amazonaws.com/photos/605537937/original.jpg
/content/drive/MyDrive/terra-gbif-full/images/9046851b3071e122df9f7a947a59879f8a0f487ec33f666bd075827a9dc75dfe.jpg,Ricinus communis,plants,CC-BY-SA-4.0,Pablo F. Domínguez,Pablo F. Domínguez,5938080463,28eb1a3f-1c15-4a95-931a-4af90ecb574d,https://inaturalist-open-data.s3.amazonaws.com/photos/605537978/original.jpg
/content/drive/MyDrive/terra-gbif-full/images/809c6c54a80869fbec969ff591a5b46036096af32bf5a3b5b384b633354af9bb.jpg,Ricinus communis,plants,CC-BY-SA-4.0,Pablo F. Domínguez,Pablo F. Domínguez,5938080463,28eb1a3f-1c15-4a95-931a-4af90ecb574d,https://inaturalist-open-data.s3.amazonaws.com/photos/605538048/original.jpg
/content/drive/MyDrive/terra-gbif-full/images/f633c5e51e4ac47131c8203d46b3070385c5bf4fbe421080b59b5d7b7f2e47d2.jpg,Ricinus communis,plants,CC0-1.0,Johannes,Johannes,5938094086,28eb1a3f-1c15-4a95-931a-4af90ecb574d,https://inaturalist-open-data.s3.amazonaws.com/photos/605077612/original.jpg
/content/drive/MyDrive/terra-gbif-full/images/e9fffc78ec20f63d7ec41a15c7d4f78ea1e3528eac5b9d7f31fad2a7b2bc936b.jpg,Ricinus communis,plants,CC0-1.0,Johannes,Johannes,5938094086,28eb1a3f-1c15-4a95-931a-4af90ecb574d,https://inaturalist-open-data.s3.amazonaws.com/photos/605077597/original.jpg
/content/drive/MyDrive/terra-gbif-full/images/40f3e2dae65dfead6190d5e78bb56fa5e776a8ba8c4b03e875cff618bfbe32e3.jpg,Ricinus communis,plants,CC0-1.0,insiderelic,insiderelic,5938113357,28eb1a3f-1c15-4a95-931a-4af90ecb574d,https://inaturalist-open-data.s3.amazonaws.com/photos/605017902/original.jpg
/content/drive/MyDrive/terra-gbif-full/images/d27b7361485e47a68a8e52de4a5f8ffee7886649bfaa4cf40852884b399941a3.jpg,Ricinus communis,plants,CC0-1.0,insiderelic,insiderelic,5938113357,28eb1a3f-1c15-4a95-931a-4af90ecb574d,https://inaturalist-open-data.s3.amazonaws.com/photos/605017921/original.jpg
/content/drive/MyDrive/terra-gbif-full/images/3ed07f5683eea49f167e18846278666f73b6c09588f6198f55ae13b09edfb34f.jpg,Ricinus communis,plants,CC0-1.0,insiderelic,insiderelic,5938113357,28eb1a3f-1c15-4a95-931a-4af90ecb574d,https://inaturalist-open-data.s3.amazonaws.com/photos/605017938/original.jpg
/content/drive/MyDrive/terra-gbif-full/images/97566d5619e64be15c48374ad7bc5881b6b2640c6445b1f35e068a41ea52471b.jpg,Ricinus communis,plants,CC-BY-4.0,nasua,nasua,5938117534,28eb1a3f-1c15-4a95-931a-4af90ecb574d,https://inaturalist-open-data.s3.amazonaws.com/photos/605549115/original.jpg
/content/drive/MyDrive/terra-gbif-full/images/9d08a3da1387ad6235bf1423cbee9fcd74bb543eeb134af8df3798fb4db4ea84.jpg,Ricinus communis,plants,CC-BY-4.0,nasua,nasua,5938117534,28eb1a3f-1c15-4a95-931a-4af90ecb574d,https://inaturalist-open-data.s3.amazonaws.com/photos/605549139/original.jpg
/content/drive/MyDrive/terra-gbif-full/images/1373151a7458fc964133770563208b852acaeab3e481195558f753f05fe3408f.jpg,Ricinus communis,plants,CC-BY-4.0,nasua,nasua,5938117534,28eb1a3f-1c15-4a95-931a-4af90ecb574d,https://inaturalist-open-data.s3.amazonaws.com/photos/607318202/original.jpg
/content/drive/MyDrive/terra-gbif-full/images/4ac790c510256fbc58acaff8ed8a6393ca54ff7d76414b0d5eef57a022dc9bcc.jpg,Ricinus communis,plants,CC-BY-4.0,Miriam Sachs Martin,Miriam Sachs Martin,5938181650,28eb1a3f-1c15-4a95-931a-4af90ecb574d,https://inaturalist-open-data.s3.amazonaws.com/photos/604888202/original.jpg
/content/drive/MyDrive/terra-gbif-full/images/a721c780c62c28bd8a1ac8382e1a768496e3687403f7ee15352fbff30e404c9e.jpg,Ricinus communis,plants,CC-BY-4.0,Miriam Sachs Martin,Miriam Sachs Martin,5938181650,28eb1a3f-1c15-4a95-931a-4af90ecb574d,https://inaturalist-open-data.s3.amazonaws.com/photos/607724720/original.jpg
/content/drive/MyDrive/terra-gbif-full/images/9d9eabce9dd7fd3c17349857f363ee19b4cc778136223fd833c9e243a45c2708.jpg,Ricinus communis,plants,CC-BY-4.0,haemanthus,haemanthus,5938228449,28eb1a3f-1c15-4a95-931a-4af90ecb574d,https://inaturalist-open-data.s3.amazonaws.com/photos/605259143/original.jpg
/content/drive/MyDrive/terra-gbif-full/images/d30c0a45eee8c554cbab9e056b59caf860ef98cb40e3a92433f3098e9de1072d.jpg,Ricinus communis,plants,CC0-1.0,insiderelic,insiderelic,5938229232,28eb1a3f-1c15-4a95-931a-4af90ecb574d,https://inaturalist-open-data.s3.amazonaws.com/photos/604311521/original.jpg
/content/drive/MyDrive/terra-gbif-full/images/155604737a7ecca3d6c389816c05cd923e3cf0161e76c7593b19c0c4adbed3bc.jpg,Ricinus communis,plants,CC0-1.0,insiderelic,insiderelic,5938229232,28eb1a3f-1c15-4a95-931a-4af90ecb574d,https://inaturalist-open-data.s3.amazonaws.com/photos/604311547/original.jpg
/content/drive/MyDrive/terra-gbif-full/images/9f71ad7eb0cf3c0f7c6fe527afc3d8d36102a6246857375cf646ba605e8b2b40.jpg,Ricinus communis,plants,CC0-1.0,insiderelic,insiderelic,5938229232,28eb1a3f-1c15-4a95-931a-4af90ecb574d,https://inaturalist-open-data.s3.amazonaws.com/photos/604311573/original.jpg
/content/drive/MyDrive/terra-gbif-full/images/50fabaf1576ea56e7e580b4cc9a2cdaabb17b24f760a38b40f13202129ec4a4a.jpg,Ricinus communis,plants,CC0-1.0,insiderelic,insiderelic,5938229232,28eb1a3f-1c15-4a95-931a-4af90ecb574d,https://inaturalist-open-data.s3.amazonaws.com/photos/604311605/original.jpg
/content/drive/MyDrive/terra-gbif-full/images/f3715381c481ad3e2ae1ce6bb64aa967b3ee703f4d64edb28a14c0d79dd02690.jpg,Ricinus communis,plants,CC0-1.0,filipeprates,filipeprates,5938257590,28eb1a3f-1c15-4a95-931a-4af90ecb574d,https://inaturalist-open-data.s3.amazonaws.com/photos/605534318/original.jpg
/content/drive/MyDrive/terra-gbif-full/images/630c38c634a33f2d1f65e997a57166dc175c2cbbe8d88110c88c2f0b4a66a75a.jpg,Ricinus communis,plants,CC-BY-4.0,Jonathan Juan Chancasana Villacorta,Jonathan Juan Chancasana Villacorta,5938261791,28eb1a3f-1c15-4a95-931a-4af90ecb574d,https://inaturalist-open-data.s3.amazonaws.com/photos/604527915/original.jpg
/content/drive/MyDrive/terra-gbif-full/images/4b87e0329b0cbf7080135390d5d3081a111719a90cf830a138b46d1df833873f.jpg,Mercurialis annua,plants,CC-BY-4.0,Emma Creasey,Emma Creasey,5938032503,28eb1a3f-1c15-4a95-931a-4af90ecb574d,https://inaturalist-open-data.s3.amazonaws.com/photos/604772049/original.jpg
/content/drive/MyDrive/terra-gbif-full/images/3398d1cea22e420965e71e98dc0b4410fe175fd2dfea929fff519585f3001525.jpg,Mercurialis annua,plants,CC-BY-4.0,Bethany Milam,Bethany Milam,5938043747,28eb1a3f-1c15-4a95-931a-4af90ecb574d,https://inaturalist-open-data.s3.amazonaws.com/photos/604613196/original.jpg
/content/drive/MyDrive/terra-gbif-full/images/77d64c6f90d4a1f981198900098b59c19c928046421ed4e4ffa0f532e6891ec0.jpg,Mercurialis annua,plants,CC-BY-4.0,Bethany Milam,Bethany Milam,5938043747,28eb1a3f-1c15-4a95-931a-4af90ecb574d,https://inaturalist-open-data.s3.amazonaws.com/photos/604613191/original.jpg
/content/drive/MyDrive/terra-gbif-full/images/ede07c30cc763910105aba3597b3317b7aa4ac97524a6fe010542037c26a0c45.jpg,Mercurialis annua,plants,CC-BY-4.0,Bethany Milam,Bethany Milam,5938043747,28eb1a3f-1c15-4a95-931a-4af90ecb574d,https://inaturalist-open-data.s3.amazonaws.com/photos/604613206/original.jpg
/content/drive/MyDrive/terra-gbif-full/images/5b89ab09b66171677f6f27061a00c6bb1bf8cdaf6d31e5ec481d28744d6af388.jpg,Mercurialis annua,plants,CC-BY-4.0,Bethany Milam,Bethany Milam,5938043747,28eb1a3f-1c15-4a95-931a-4af90ecb574d,https://inaturalist-open-data.s3.amazonaws.com/photos/604613222/original.jpg
/content/drive/MyDrive/terra-gbif-full/images/82d83690551aad91c296dd5a10ad815c2e6158eb15a8994cb8ac43bd5a12fea2.jpg,Mercurialis annua,plants,CC-BY-4.0,Bethany Milam,Bethany Milam,5938043747,28eb1a3f-1c15-4a95-931a-4af90ecb574d,https://inaturalist-open-data.s3.amazonaws.com/photos/604613232/original.jpg
/content/drive/MyDrive/terra-gbif-full/images/eb82ddb614c9db02e3c535dd023767720789173c06550ba7e63c0f78afa26cd5.jpg,Mercurialis annua,plants,CC-BY-4.0,Bethany Milam,Bethany Milam,5938043747,28eb1a3f-1c15-4a95-931a-4af90ecb574d,https://inaturalist-open-data.s3.amazonaws.com/photos/604613238/original.jpg
/content/drive/MyDrive/terra-gbif-full/images/8260641c4a2590054e2a5d654ecb85cf2eb43533ab5bf2b992aa4e65b8b0f963.jpg,Mercurialis annua,plants,CC-BY-4.0,Bethany Milam,Bethany Milam,5938043747,28eb1a3f-1c15-4a95-931a-4af90ecb574d,https://inaturalist-open-data.s3.amazonaws.com/photos/604613255/original.jpg
/content/drive/MyDrive/terra-gbif-full/images/15ed6b7a27c768d8dde9262d5aa7be5aa95fc23cd193cae790eb12b6124caa16.jpg,Mercurialis annua,plants,CC-BY-4.0,Bethany Milam,Bethany Milam,5938043747,28eb1a3f-1c15-4a95-931a-4af90ecb574d,https://inaturalist-open-data.s3.amazonaws.com/photos/604613270/original.jpg
/content/drive/MyDrive/terra-gbif-full/images/d94560b77eff8cbb42cfecc63454fbdd10c206b6fc676f28ee79300cac4b2772.jpg,Mercurialis annua,plants,CC-BY-4.0,Bethany Milam,Bethany Milam,5938043747,28eb1a3f-1c15-4a95-931a-4af90ecb574d,https://inaturalist-open-data.s3.amazonaws.com/photos/604613291/original.jpg
/content/drive/MyDrive/terra-gbif-full/images/ca9a07262b37e4fbf9b985c5b8fc814f888aa53b46d52484c616cb08febe2319.jpg,Mercurialis annua,plants,CC-BY-4.0,Bethany Milam,Bethany Milam,5938043747,28eb1a3f-1c15-4a95-931a-4af90ecb574d,https://inaturalist-open-data.s3.amazonaws.com/photos/604613344/original.jpg
/content/drive/MyDrive/terra-gbif-full/images/768b7f5d635e2a789ea8c4dd42477da591585aa4126a226f2ae67979fa473cf7.jpg,Mercurialis annua,plants,CC-BY-4.0,Bethany Milam,Bethany Milam,5938043747,28eb1a3f-1c15-4a95-931a-4af90ecb574d,https://inaturalist-open-data.s3.amazonaws.com/photos/604613353/original.jpg
/content/drive/MyDrive/terra-gbif-full/images/303345d2710680ba4ead67a35a1fcd1ee20181c36396f5a3ffe69486c0ee4603.jpg,Mercurialis annua,plants,CC-BY-4.0,Bethany Milam,Bethany Milam,5938043747,28eb1a3f-1c15-4a95-931a-4af90ecb574d,https://inaturalist-open-data.s3.amazonaws.com/photos/604613363/original.jpg
/content/drive/MyDrive/terra-gbif-full/images/7772f574128e04894b2d58d5855f9021ad70528ac1aacb86eb2cde4ba848ef77.jpg,Mercurialis annua,plants,CC-BY-4.0,Bethany Milam,Bethany Milam,5938043747,28eb1a3f-1c15-4a95-931a-4af90ecb574d,https://inaturalist-open-data.s3.amazonaws.com/photos/604613373/original.jpg
/content/drive/MyDrive/terra-gbif-full/images/653299939fc9d62e90ada410e2813f376af5670c8d29a3c80dc3f1860d3b6a06.jpg,Mercurialis annua,plants,CC-BY-4.0,Bethany Milam,Bethany Milam,5938043747,28eb1a3f-1c15-4a95-931a-4af90ecb574d,https://inaturalist-open-data.s3.amazonaws.com/photos/604613170/original.jpg
/content/drive/MyDrive/terra-gbif-full/images/af6afbbf6d7239696b30fd2c84a0e62701b2e9abd8f570e926cb929dd3ec0917.jpg,Mercurialis annua,plants,CC-BY-4.0,Stuart Cable,Stuart Cable,5938054947,28eb1a3f-1c15-4a95-931a-4af90ecb574d,https://inaturalist-open-data.s3.amazonaws.com/photos/604476735/original.jpg
/content/drive/MyDrive/terra-gbif-full/images/a79f3b87742bc40bed8093ebe35e612ca16867256428cdb6882ccb2bed40318d.jpg,Mercurialis annua,plants,CC-BY-4.0,Tristan Haab,Tristan Haab,5938127441,28eb1a3f-1c15-4a95-931a-4af90ecb574d,https://inaturalist-open-data.s3.amazonaws.com/photos/604830094/original.jpg
/content/drive/MyDrive/terra-gbif-full/images/c4ab9d61b988b316e0770b045e5c4262942e6ac358ecb7db8ed98bbb861a2783.jpg,Mercurialis annua,plants,CC0-1.0,Patrick Le Mao,Patrick Le Mao,5938129732,28eb1a3f-1c15-4a95-931a-4af90ecb574d,https://inaturalist-open-data.s3.amazonaws.com/photos/605391954/original.jpg
/content/drive/MyDrive/terra-gbif-full/images/1ffa40db4f907e99040cb381b6b53f80b24c742faca4df4c9cca3fc5be25fa7b.jpg,Mercurialis annua,plants,CC0-1.0,Patrick Le Mao,Patrick Le Mao,5938129732,28eb1a3f-1c15-4a95-931a-4af90ecb574d,https://inaturalist-open-data.s3.amazonaws.com/photos/605391960/original.jpg
/content/drive/MyDrive/terra-gbif-full/images/7b4acb5835daa8ffec52deb27eaecf4e9b3fb21020ea646d404d9bdcbfdcc0cd.jpg,Mercurialis annua,plants,CC0-1.0,Patrick Le Mao,Patrick Le Mao,5938129928,28eb1a3f-1c15-4a95-931a-4af90ecb574d,https://inaturalist-open-data.s3.amazonaws.com/photos/604510117/original.jpg
/content/drive/MyDrive/terra-gbif-full/images/5472037da2c5ed491d3841f4afc7c4ba2ace5cd2949d91aad9836feb024eeb03.jpg,Mercurialis annua,plants,CC-BY-4.0,Jake Millidge,Jake Millidge,5938150727,28eb1a3f-1c15-4a95-931a-4af90ecb574d,https://inaturalist-open-data.s3.amazonaws.com/photos/605120242/original.jpg
/content/drive/MyDrive/terra-gbif-full/images/347ebdda9f57b4633abfc4527cec502ee960505580a90e53fbd502f52203ffaf.jpg,Mercurialis annua,plants,CC-BY-4.0,Jake Millidge,Jake Millidge,5938150727,28eb1a3f-1c15-4a95-931a-4af90ecb574d,https://inaturalist-open-data.s3.amazonaws.com/photos/605120244/original.jpg
/content/drive/MyDrive/terra-gbif-full/images/167db8e70c1b77de480c6e0f20a01979961985956c374f85debafbf87fd44d90.jpg,Mercurialis annua,plants,CC0-1.0,daisyfinniear,daisyfinniear,5938175197,28eb1a3f-1c15-4a95-931a-4af90ecb574d,https://inaturalist-open-data.s3.amazonaws.com/photos/604767271/original.jpg
/content/drive/MyDrive/terra-gbif-full/images/455e921887071f0b9ba7772671827de72fe66f255155ffaa50c45b5ea7494494.jpg,Mercurialis annua,plants,CC-BY-4.0,Duarte Frade,Duarte Frade,5938191843,28eb1a3f-1c15-4a95-931a-4af90ecb574d,https://inaturalist-open-data.s3.amazonaws.com/photos/605027676/original.jpg
/content/drive/MyDrive/terra-gbif-full/images/d50e29d6927670300ec25b406594f12a1b098b93feeb8c66f5a960c5483e7f59.jpg,Mercurialis annua,plants,CC-BY-4.0,R Mitchell,R Mitchell,5938200755,28eb1a3f-1c15-4a95-931a-4af90ecb574d,https://inaturalist-open-data.s3.amazonaws.com/photos/604764233/original.jpg
/content/drive/MyDrive/terra-gbif-full/images/cbe63ea208c3c8276b87dabdd590639016bde41f017c13927d7c7d0d8629ddd2.jpg,Polystichum setiferum,plants,CC-BY-4.0,Marc Riera,Marc Riera,5938028546,28eb1a3f-1c15-4a95-931a-4af90ecb574d,https://inaturalist-open-data.s3.amazonaws.com/photos/605164086/original.jpg
/content/drive/MyDrive/terra-gbif-full/images/be575df00dcc5c61a98c175ed6ec6b8642e46b739ae2976c41f450e377057807.jpg,Polystichum setiferum,plants,CC-BY-4.0,Marc Riera,Marc Riera,5938028546,28eb1a3f-1c15-4a95-931a-4af90ecb574d,https://inaturalist-open-data.s3.amazonaws.com/photos/605164110/original.jpg
/content/drive/MyDrive/terra-gbif-full/images/210383d42330458741f8c5b8b0ebe512360f37ddb9512557d9cbf757ce030ec7.jpg,Polystichum setiferum,plants,CC-BY-4.0,Marc Riera,Marc Riera,5938028546,28eb1a3f-1c15-4a95-931a-4af90ecb574d,https://inaturalist-open-data.s3.amazonaws.com/photos/605164167/original.jpg
/content/drive/MyDrive/terra-gbif-full/images/337339c3fa76ef54a0c066ba45d8e76e1a6f3daec1e08542a886aefdd6e7eeee.jpg,Polystichum setiferum,plants,CC-BY-4.0,Marc Riera,Marc Riera,5938028546,28eb1a3f-1c15-4a95-931a-4af90ecb574d,https://inaturalist-open-data.s3.amazonaws.com/photos/605164190/original.jpg
/content/drive/MyDrive/terra-gbif-full/images/399dd18da36c74cf2a2bfc629b7501feb33d159eef6492f086cf49ef68620c10.jpg,Polystichum setiferum,plants,CC-BY-4.0,Marc Riera,Marc Riera,5938028546,28eb1a3f-1c15-4a95-931a-4af90ecb574d,https://inaturalist-open-data.s3.amazonaws.com/photos/605164229/original.jpg
/content/drive/MyDrive/terra-gbif-full/images/e696f6eb57e71e9e8858ea63739dc7a76316ff65df3357be4111cbe6a66050e7.jpg,Polystichum setiferum,plants,CC0-1.0,Patrick Le Mao,Patrick Le Mao,5938085158,28eb1a3f-1c15-4a95-931a-4af90ecb574d,https://inaturalist-open-data.s3.amazonaws.com/photos/604509055/original.jpg
/content/drive/MyDrive/terra-gbif-full/images/c3d415da2397c74274096afdf83e2172fd9cd2319b9f20ed4bc349f69653820a.jpg,Polystichum setiferum,plants,CC0-1.0,Patrick Le Mao,Patrick Le Mao,5938085158,28eb1a3f-1c15-4a95-931a-4af90ecb574d,https://inaturalist-open-data.s3.amazonaws.com/photos/604509056/original.jpg
/content/drive/MyDrive/terra-gbif-full/images/9e78469304dd3df6d013d863fcdd95b91e23ad145c5069728bbb5395af3513e8.jpg,Polystichum setiferum,plants,CC0-1.0,Patrick Le Mao,Patrick Le Mao,5938100202,28eb1a3f-1c15-4a95-931a-4af90ecb574d,https://inaturalist-open-data.s3.amazonaws.com/photos/604509276/original.jpg
/content/drive/MyDrive/terra-gbif-full/images/8d59c7956c3925b7bbe294233490854d4934e158f2f6c765b6c1e41515c2572f.jpg,Polystichum setiferum,plants,CC0-1.0,Patrick Le Mao,Patrick Le Mao,5938100202,28eb1a3f-1c15-4a95-931a-4af90ecb574d,https://inaturalist-open-data.s3.amazonaws.com/photos/604509274/original.jpg
/content/drive/MyDrive/terra-gbif-full/images/2ab1f2939d1aba8cd58d937305f322b4a520f1d44ea99aa3431c7193997df41d.jpg,Polystichum setiferum,plants,CC-BY-4.0,Sean Frederick Tuck,Sean Frederick Tuck,5938150988,28eb1a3f-1c15-4a95-931a-4af90ecb574d,https://inaturalist-open-data.s3.amazonaws.com/photos/604497663/original.jpg
/content/drive/MyDrive/terra-gbif-full/images/7edca854d89fffd4ef61497d24859869dabd72f7a97f138bec1136d92bf5fd16.jpg,Polystichum setiferum,plants,CC-BY-4.0,Sean Frederick Tuck,Sean Frederick Tuck,5938150988,28eb1a3f-1c15-4a95-931a-4af90ecb574d,https://inaturalist-open-data.s3.amazonaws.com/photos/604497687/original.jpg
/content/drive/MyDrive/terra-gbif-full/images/a7ff47e537559e49cffc2257a6ef92083ddde6b231d6defdf2fc8ea931930378.jpg,Polystichum setiferum,plants,CC-BY-4.0,Sean Frederick Tuck,Sean Frederick Tuck,5938150988,28eb1a3f-1c15-4a95-931a-4af90ecb574d,https://inaturalist-open-data.s3.amazonaws.com/photos/604497727/original.jpg
/content/drive/MyDrive/terra-gbif-full/images/3409ce2fbcf6b6c2504943b4924fc29394a70f65c31bf28a530e9e0a2fcbcfb3.jpg,Polystichum setiferum,plants,CC0-1.0,Patrick Le Mao,Patrick Le Mao,5938151664,28eb1a3f-1c15-4a95-931a-4af90ecb574d,https://inaturalist-open-data.s3.amazonaws.com/photos/605391021/original.jpg
/content/drive/MyDrive/terra-gbif-full/images/7fca562296941801a594d4b73847c5bbb5a0548287647e96db706fa5d9493967.jpg,Polystichum setiferum,plants,CC0-1.0,Patrick Le Mao,Patrick Le Mao,5938151664,28eb1a3f-1c15-4a95-931a-4af90ecb574d,https://inaturalist-open-data.s3.amazonaws.com/photos/605391049/original.jpg
/content/drive/MyDrive/terra-gbif-full/images/0baaf45076d86802384bcd5fb260407b6ead38eecafe557fffea6f74fd7523e2.jpg,Polystichum setiferum,plants,CC0-1.0,Patrick Le Mao,Patrick Le Mao,5938190596,28eb1a3f-1c15-4a95-931a-4af90ecb574d,https://inaturalist-open-data.s3.amazonaws.com/photos/605099568/original.jpg
/content/drive/MyDrive/terra-gbif-full/images/844decfa6bcb5bb16634fa493b2113e969e5201f18d92eacc1c1e74d2fcd801a.jpg,Polystichum setiferum,plants,CC0-1.0,Patrick Le Mao,Patrick Le Mao,5938190596,28eb1a3f-1c15-4a95-931a-4af90ecb574d,https://inaturalist-open-data.s3.amazonaws.com/photos/605099567/original.jpg
/content/drive/MyDrive/terra-gbif-full/images/29f71494ccc06bec1e71084fa0b045069b154d14bac695ee7b58a72ed7deb9ef.jpg,Polystichum setiferum,plants,CC-BY-4.0,Duarte Frade,Duarte Frade,5938222637,28eb1a3f-1c15-4a95-931a-4af90ecb574d,https://inaturalist-open-data.s3.amazonaws.com/photos/605028930/original.jpg
/content/drive/MyDrive/terra-gbif-full/images/a01efd92c94c0dd1c564a2b1a92ef9484f0115b9cabc0ac01cc6afebe50e454c.jpg,Polystichum setiferum,plants,CC-BY-4.0,Duarte Frade,Duarte Frade,5938222637,28eb1a3f-1c15-4a95-931a-4af90ecb574d,https://inaturalist-open-data.s3.amazonaws.com/photos/605028931/original.jpg
/content/drive/MyDrive/terra-gbif-full/images/5da6fc136f67224e3dba361418d96f83ddc23f3c085689da671aef556fad845f.jpg,Polystichum setiferum,plants,CC-BY-4.0,Duarte Frade,Duarte Frade,5938222637,28eb1a3f-1c15-4a95-931a-4af90ecb574d,https://inaturalist-open-data.s3.amazonaws.com/photos/605028935/original.jpg
/content/drive/MyDrive/terra-gbif-full/images/7835e628def5ab25140f5e0458dedcd534c24650d218be409d1b8ce3d190e5f4.jpg,Polystichum setiferum,plants,CC0-1.0,Charles Joynson,Charles Joynson,5938226808,28eb1a3f-1c15-4a95-931a-4af90ecb574d,https://inaturalist-open-data.s3.amazonaws.com/photos/605360979/original.jpg
/content/drive/MyDrive/terra-gbif-full/images/4af205ed833c0759db77b28e762a6a566ac9a4a261ec679498609d946c0790f1.jpg,Polystichum setiferum,plants,CC0-1.0,Charles Joynson,Charles Joynson,5938226808,28eb1a3f-1c15-4a95-931a-4af90ecb574d,https://inaturalist-open-data.s3.amazonaws.com/photos/605360996/original.jpg
/content/drive/MyDrive/terra-gbif-full/images/6cae8a24a656e7834205aeb295e70d5380ad44fa126e6af1d97bb015bc26f890.jpg,Polystichum setiferum,plants,CC0-1.0,Charles Joynson,Charles Joynson,5938226808,28eb1a3f-1c15-4a95-931a-4af90ecb574d,https://inaturalist-open-data.s3.amazonaws.com/photos/605361010/original.jpg
/content/drive/MyDrive/terra-gbif-full/images/512d221fca4b1d86f4bbbcf31cab54566c52adfd0b32df3115cfbbd68c39327f.jpg,Polystichum setiferum,plants,CC0-1.0,Charles Joynson,Charles Joynson,5938226808,28eb1a3f-1c15-4a95-931a-4af90ecb574d,https://inaturalist-open-data.s3.amazonaws.com/photos/605361019/original.jpg
/content/drive/MyDrive/terra-gbif-full/images/4ddf31420d7c62b108e91ea15839a8f2e3816a81d619ca272d6533c7adc202e8.jpg,Polystichum setiferum,plants,CC0-1.0,Patrick Le Mao,Patrick Le Mao,5938233511,28eb1a3f-1c15-4a95-931a-4af90ecb574d,https://inaturalist-open-data.s3.amazonaws.com/photos/605391929/original.jpg
/content/drive/MyDrive/terra-gbif-full/images/4f90e708998c8905e6131481fc0890d280b4a23af30e885cb95a1d5e69b78e5c.jpg,Polystichum setiferum,plants,CC0-1.0,Patrick Le Mao,Patrick Le Mao,5938233511,28eb1a3f-1c15-4a95-931a-4af90ecb574d,https://inaturalist-open-data.s3.amazonaws.com/photos/605391925/original.jpg
/content/drive/MyDrive/terra-gbif-full/images/8760225ad6899238c752eaefeb0274060dc3fa1d77af7c0caf1a8e5c896f8ec4.jpg,Gastrodia cunninghamii,plants,CC-BY-4.0,John Barkla,John Barkla,5938211615,28eb1a3f-1c15-4a95-931a-4af90ecb574d,https://inaturalist-open-data.s3.amazonaws.com/photos/604663768/original.jpg
/content/drive/MyDrive/terra-gbif-full/images/1f9f3a7b67c3a438f21058e9a4a40eba8eceeb7cc011374c7a6d51aa40f56653.jpg,Gastrodia cunninghamii,plants,CC-BY-4.0,John Barkla,John Barkla,5938211615,28eb1a3f-1c15-4a95-931a-4af90ecb574d,https://inaturalist-open-data.s3.amazonaws.com/photos/604667001/original.jpg
/content/drive/MyDrive/terra-gbif-full/images/851cf36a47e8ffe6d7ff0b1f251fcb3f560e4489fcff4266be514994c8c95102.jpg,Gastrodia cunninghamii,plants,CC-BY-4.0,John Barkla,John Barkla,5938211615,28eb1a3f-1c15-4a95-931a-4af90ecb574d,https://inaturalist-open-data.s3.amazonaws.com/photos/604667885/original.jpg
/content/drive/MyDrive/terra-gbif-full/images/fae2376b91503e6beb88d5592cd3e5cc085b59d433098a5eb45e020b72063e49.jpg,Gastrodia cunninghamii,plants,CC-BY-4.0,Cara-Lisa Schloots,Cara-Lisa Schloots,5938211778,28eb1a3f-1c15-4a95-931a-4af90ecb574d,https://inaturalist-open-data.s3.amazonaws.com/photos/604901130/original.jpg
/content/drive/MyDrive/terra-gbif-full/images/9466a072750d09327038f7262dd55273c95014f66432fcc602ae0fed60d61e74.jpg,Gastrodia cunninghamii,plants,CC-BY-4.0,Cara-Lisa Schloots,Cara-Lisa Schloots,5938211778,28eb1a3f-1c15-4a95-931a-4af90ecb574d,https://inaturalist-open-data.s3.amazonaws.com/photos/604901249/original.jpg
/content/drive/MyDrive/terra-gbif-full/images/e68643eca4b5ab19d920d4f72d3876b80046fc4ea9186bfff328fe2b55091c12.jpg,Gastrodia cunninghamii,plants,CC0-1.0,Chelsea Haley,Chelsea Haley,5938215284,28eb1a3f-1c15-4a95-931a-4af90ecb574d,https://inaturalist-open-data.s3.amazonaws.com/photos/605585339/original.jpg
/content/drive/MyDrive/terra-gbif-full/images/e0149c3d3584e91494e8399dd1135d5230704518e050a70479237e27912d12b2.jpg,Gastrodia cunninghamii,plants,CC0-1.0,Chelsea Haley,Chelsea Haley,5938215284,28eb1a3f-1c15-4a95-931a-4af90ecb574d,https://inaturalist-open-data.s3.amazonaws.com/photos/605585365/original.jpg
/content/drive/MyDrive/terra-gbif-full/images/1eb2a380c54b2af040e3d39930c8b7ecf342d0526df33c9c65543b3149b02fa6.jpg,Gastrodia cunninghamii,plants,CC0-1.0,Chelsea Haley,Chelsea Haley,5938215284,28eb1a3f-1c15-4a95-931a-4af90ecb574d,https://inaturalist-open-data.s3.amazonaws.com/photos/605585381/original.jpg
/content/drive/MyDrive/terra-gbif-full/images/aee32da5e592a5796087e34a6b3e6d4cbd1a433ce5b65e67ea3697d2024993b0.jpg,Gastrodia cunninghamii,plants,CC-BY-4.0,Melanie Newfield,Melanie Newfield,5938222453,28eb1a3f-1c15-4a95-931a-4af90ecb574d,https://inaturalist-open-data.s3.amazonaws.com/photos/604710027/original.jpg
/content/drive/MyDrive/terra-gbif-full/images/3719f816f61dffdea098443e570c79a5c9f7a74d5aac0fc08e6b712de6301326.jpg,Gastrodia cunninghamii,plants,CC-BY-4.0,Melanie Newfield,Melanie Newfield,5938222453,28eb1a3f-1c15-4a95-931a-4af90ecb574d,https://inaturalist-open-data.s3.amazonaws.com/photos/604710041/original.jpg
/content/drive/MyDrive/terra-gbif-full/images/21bc79a182a5ba84e9e218f1f832f146b091a774354f24164f6bfc58a7c93a74.jpg,Gastrodia cunninghamii,plants,CC-BY-4.0,Melanie Newfield,Melanie Newfield,5938222453,28eb1a3f-1c15-4a95-931a-4af90ecb574d,https://inaturalist-open-data.s3.amazonaws.com/photos/604710054/original.jpg
/content/drive/MyDrive/terra-gbif-full/images/7cab730fb3646f7f7cb0a94a5fa71b0be4d2ec40c69348a2c9e35418c44ed9de.jpg,Gastrodia cunninghamii,plants,CC-BY-4.0,Melanie Newfield,Melanie Newfield,5938222453,28eb1a3f-1c15-4a95-931a-4af90ecb574d,https://inaturalist-open-data.s3.amazonaws.com/photos/604710063/original.jpg
/content/drive/MyDrive/terra-gbif-full/images/a8ac7df77e4f84834ed03016cbdac8a4c783167717ad146b8642fa9182721cb5.jpg,Gastrodia cunninghamii,plants,CC-BY-4.0,Melanie Newfield,Melanie Newfield,5938222453,28eb1a3f-1c15-4a95-931a-4af90ecb574d,https://inaturalist-open-data.s3.amazonaws.com/photos/604710078/original.jpg
/content/drive/MyDrive/terra-gbif-full/images/0fbe6313c10b148c7e9fd603dde806d6f1494db2ccb4c4f45d15e2634fb520ec.jpg,Gastrodia cunninghamii,plants,CC-BY-4.0,Melanie Newfield,Melanie Newfield,5938222453,28eb1a3f-1c15-4a95-931a-4af90ecb574d,https://inaturalist-open-data.s3.amazonaws.com/photos/604710082/original.jpg
/content/drive/MyDrive/terra-gbif-full/images/ecffcd7d7fbdd15feb98e763d599ff49520b4081ca7e22bcd74df408bf87dde7.jpg,Gastrodia cunninghamii,plants,CC-BY-4.0,Melanie Newfield,Melanie Newfield,5938222453,28eb1a3f-1c15-4a95-931a-4af90ecb574d,https://inaturalist-open-data.s3.amazonaws.com/photos/604710101/original.jpg
/content/drive/MyDrive/terra-gbif-full/images/0913d13ad743804fee2432973c2fed299688747aa444e57ad90874adafe1923b.jpg,Gastrodia cunninghamii,plants,CC-BY-4.0,Melanie Newfield,Melanie Newfield,5938222453,28eb1a3f-1c15-4a95-931a-4af90ecb574d,https://inaturalist-open-data.s3.amazonaws.com/photos/604710106/original.jpg
/content/drive/MyDrive/terra-gbif-full/images/400debc8e2fd7d79bb5a13bc094c61f3d58b6fbbf00befd2968a0d47f79ce792.jpg,Gastrodia cunninghamii,plants,CC-BY-4.0,Michael Berardozzi,Michael Berardozzi,5938231667,28eb1a3f-1c15-4a95-931a-4af90ecb574d,https://inaturalist-open-data.s3.amazonaws.com/photos/604410062/original.jpg
/content/drive/MyDrive/terra-gbif-full/images/9c8dd84b231c7c02a44c3e1d5bb92944d6b2e850d84ba212b513932b28956cc5.jpg,Gastrodia cunninghamii,plants,CC-BY-4.0,Michael Berardozzi,Michael Berardozzi,5938231667,28eb1a3f-1c15-4a95-931a-4af90ecb574d,https://inaturalist-open-data.s3.amazonaws.com/photos/604410087/original.jpg
/content/drive/MyDrive/terra-gbif-full/images/702226f074de112a1fc3a7e56df1caeb97eb5ca43e4fd7b3dd21e351b6e79108.jpg,Gastrodia cunninghamii,plants,CC-BY-4.0,Michael Berardozzi,Michael Berardozzi,5938231667,28eb1a3f-1c15-4a95-931a-4af90ecb574d,https://inaturalist-open-data.s3.amazonaws.com/photos/604410091/original.jpg
/content/drive/MyDrive/terra-gbif-full/images/d6a6fc248862548af1f6d07dc68391f6b14fc0b12343dfc60e17cabe5a9ae5b9.jpg,Gastrodia cunninghamii,plants,CC-BY-4.0,Michael Berardozzi,Michael Berardozzi,5938231667,28eb1a3f-1c15-4a95-931a-4af90ecb574d,https://inaturalist-open-data.s3.amazonaws.com/photos/604410092/original.jpg
/content/drive/MyDrive/terra-gbif-full/images/d66d751021e4efa03fccc5d04debebc41de00a7c8d80d7f4d9e23ec6d37068a2.jpg,Gastrodia cunninghamii,plants,CC-BY-4.0,Cara-Lisa Schloots,Cara-Lisa Schloots,5938240023,28eb1a3f-1c15-4a95-931a-4af90ecb574d,https://inaturalist-open-data.s3.amazonaws.com/photos/604900708/original.jpg
/content/drive/MyDrive/terra-gbif-full/images/7adf7ba9f95b75fd5490f9625657a966f8ab82af8f905a92d18ea70b4419a953.jpg,Gastrodia cunninghamii,plants,CC-BY-4.0,Cara-Lisa Schloots,Cara-Lisa Schloots,5938240023,28eb1a3f-1c15-4a95-931a-4af90ecb574d,https://inaturalist-open-data.s3.amazonaws.com/photos/604900735/original.jpg
/content/drive/MyDrive/terra-gbif-full/images/b92a2a117c1e722495f1cb335c471365bdc26f813d6763cb53283cd3238a66e2.jpg,Geranium robertianum,plants,CC-BY-4.0,Daniel Cahen,Daniel Cahen,5938093423,28eb1a3f-1c15-4a95-931a-4af90ecb574d,https://inaturalist-open-data.s3.amazonaws.com/photos/604515914/original.jpg
/content/drive/MyDrive/terra-gbif-full/images/bee97056702270259224c43f36678baa79e5d7d36c11e883794cd12efaa1fec5.jpg,Geranium robertianum,plants,CC-BY-4.0,guywallbanks,guywallbanks,5938093780,28eb1a3f-1c15-4a95-931a-4af90ecb574d,https://inaturalist-open-data.s3.amazonaws.com/photos/605360544/original.jpg
/content/drive/MyDrive/terra-gbif-full/images/1a42504a2c6c26af6b53883d42e8a21026867ac4edbfbff2f6ca800e2debce6d.jpg,Geranium robertianum,plants,CC-BY-4.0,olmagon,olmagon,5938098119,28eb1a3f-1c15-4a95-931a-4af90ecb574d,https://inaturalist-open-data.s3.amazonaws.com/photos/604540572/original.jpg
/content/drive/MyDrive/terra-gbif-full/images/bd84ea97062c15863483e6a91aec78109338a9f5708b855b534a270bda12f28c.jpg,Geranium robertianum,plants,CC-BY-4.0,Dominique Menard,Dominique Menard,5938098126,28eb1a3f-1c15-4a95-931a-4af90ecb574d,https://inaturalist-open-data.s3.amazonaws.com/photos/604651024/original.jpg
/content/drive/MyDrive/terra-gbif-full/images/bedb732899ee30e332702f02f0c8ee39f5df99eb2a9557866a4bfee2126e0324.jpg,Geranium robertianum,plants,CC-BY-4.0,Dominique Menard,Dominique Menard,5938098126,28eb1a3f-1c15-4a95-931a-4af90ecb574d,https://inaturalist-open-data.s3.amazonaws.com/photos/604651040/original.jpg
/content/drive/MyDrive/terra-gbif-full/images/c737243a054c64231b9d61479998d7eba41434bbca1cfe98456fa59cceb9a6ba.jpg,Geranium robertianum,plants,CC-BY-4.0,guywallbanks,guywallbanks,5938113362,28eb1a3f-1c15-4a95-931a-4af90ecb574d,https://inaturalist-open-data.s3.amazonaws.com/photos/605047305/original.jpg
/content/drive/MyDrive/terra-gbif-full/images/095737f127d9d4c6b878e7f2ee7463ffd3874641ab9b19c76de37b95e873287a.jpg,Geranium robertianum,plants,CC-BY-4.0,"Mary E. Macaulay, P.Eng.","Mary E. Macaulay, P.Eng.",5938117762,28eb1a3f-1c15-4a95-931a-4af90ecb574d,https://inaturalist-open-data.s3.amazonaws.com/photos/605641844/original.jpg
/content/drive/MyDrive/terra-gbif-full/images/f239ceb7d83d5f11252bc3f42028ef0eb27dce16310f5754acc647de3a0763a2.jpg,Geranium robertianum,plants,CC-BY-4.0,Elliot Greiner,Elliot Greiner,5938140577,28eb1a3f-1c15-4a95-931a-4af90ecb574d,https://inaturalist-open-data.s3.amazonaws.com/photos/604800620/original.jpg
/content/drive/MyDrive/terra-gbif-full/images/1292a6f724047ca13479b19059c9aebb5b0169f100880305d5a82d22436bc307.jpg,Geranium robertianum,plants,CC-BY-4.0,"Mary E. Macaulay, P.Eng.","Mary E. Macaulay, P.Eng.",5938142707,28eb1a3f-1c15-4a95-931a-4af90ecb574d,https://inaturalist-open-data.s3.amazonaws.com/photos/604784110/original.jpg
/content/drive/MyDrive/terra-gbif-full/images/4da98176e8ed5d2f622afd7c85b197fa27f0955cb273f89b47661980a94a42f6.jpg,Geranium robertianum,plants,CC0-1.0,Richard Fuller,Richard Fuller,5938157629,28eb1a3f-1c15-4a95-931a-4af90ecb574d,https://inaturalist-open-data.s3.amazonaws.com/photos/604809548/original.jpg
/content/drive/MyDrive/terra-gbif-full/images/7ef2acb12d9512247bbafea66f2aff601fb4c11d0b2db6d0f7e85d056bdd958a.jpg,Geranium robertianum,plants,CC-BY-4.0,Elliot Greiner,Elliot Greiner,5938172739,28eb1a3f-1c15-4a95-931a-4af90ecb574d,https://inaturalist-open-data.s3.amazonaws.com/photos/604799380/original.jpg
/content/drive/MyDrive/terra-gbif-full/images/c9a61290df685810e3387e2ab3c6bc44313c10dcd22bf83eefdafcb263f47f70.jpg,Geranium robertianum,plants,CC0-1.0,moater,moater,5938201079,28eb1a3f-1c15-4a95-931a-4af90ecb574d,https://inaturalist-open-data.s3.amazonaws.com/photos/604900353/original.jpg
/content/drive/MyDrive/terra-gbif-full/images/51a04a6cbe936b33de2365be60a5df9691bdb6fbc0ea17702a556b6e2e485bea.jpg,Geranium robertianum,plants,CC0-1.0,moater,moater,5938201079,28eb1a3f-1c15-4a95-931a-4af90ecb574d,https://inaturalist-open-data.s3.amazonaws.com/photos/604900369/original.jpg
/content/drive/MyDrive/terra-gbif-full/images/f3d02aca2056fd0174d1bdce5391256b5320f0e655f8a929df08316c1c703eac.jpg,Geranium robertianum,plants,CC0-1.0,moater,moater,5938201079,28eb1a3f-1c15-4a95-931a-4af90ecb574d,https://inaturalist-open-data.s3.amazonaws.com/photos/604900389/original.jpg
/content/drive/MyDrive/terra-gbif-full/images/d6c22e6e6904465585ea55e699b704437e00703029d4c50bfb1bb7ad68bceb64.jpg,Geranium robertianum,plants,CC0-1.0,moater,moater,5938201079,28eb1a3f-1c15-4a95-931a-4af90ecb574d,https://inaturalist-open-data.s3.amazonaws.com/photos/604900407/original.jpg
/content/drive/MyDrive/terra-gbif-full/images/d728997507de8765fd97254e8e9699b163b7501b5ab990412940512e1784cdd4.jpg,Geranium robertianum,plants,CC0-1.0,Stephen James McWilliam,Stephen James McWilliam,5938203468,28eb1a3f-1c15-4a95-931a-4af90ecb574d,https://inaturalist-open-data.s3.amazonaws.com/photos/604866815/original.jpg
/content/drive/MyDrive/terra-gbif-full/images/177b3b3eac8320ffc5b3f261ab4526096127cee2f545997b75011570bfb4eedc.jpg,Geranium robertianum,plants,CC-BY-4.0,"Mary E. Macaulay, P.Eng.","Mary E. Macaulay, P.Eng.",5938215152,28eb1a3f-1c15-4a95-931a-4af90ecb574d,https://inaturalist-open-data.s3.amazonaws.com/photos/605346638/original.jpg
/content/drive/MyDrive/terra-gbif-full/images/4feeb2cca294e64d5b0d4ef47cba853446bbe0bab652e0cbf47adf9fb80b9a7e.jpg,Geranium robertianum,plants,CC-BY-4.0,guywallbanks,guywallbanks,5938226466,28eb1a3f-1c15-4a95-931a-4af90ecb574d,https://inaturalist-open-data.s3.amazonaws.com/photos/605342996/original.jpg
/content/drive/MyDrive/terra-gbif-full/images/da2fc37e5233dd7ebef6a90e614993b544035e22a03c439c0d0ce160aa383958.jpg,Geranium robertianum,plants,CC-BY-4.0,Elliot Greiner,Elliot Greiner,5938256431,28eb1a3f-1c15-4a95-931a-4af90ecb574d,https://inaturalist-open-data.s3.amazonaws.com/photos/604796761/original.jpg
/content/drive/MyDrive/terra-gbif-full/images/637db9d4cfbf14336227ec531869bbfeaceba0f6d4a8ed151e0711a4c3af65e9.jpg,Geranium robertianum,plants,CC-BY-4.0,"Mary E. Macaulay, P.Eng.","Mary E. Macaulay, P.Eng.",5938270250,28eb1a3f-1c15-4a95-931a-4af90ecb574d,https://inaturalist-open-data.s3.amazonaws.com/photos/605641831/original.jpg
/content/drive/MyDrive/terra-gbif-full/images/9d312b6d697512a28d8ec007c7dac530ef5941c61746ef94e7876383077a43af.jpg,Geranium robertianum,plants,CC0-1.0,Richard Fuller,Richard Fuller,5938272908,28eb1a3f-1c15-4a95-931a-4af90ecb574d,https://inaturalist-open-data.s3.amazonaws.com/photos/604708062/original.jpg
/content/drive/MyDrive/terra-gbif-full/images/43c51b2b6482ed2cb2b9c517bc2967eab8b37c900ad23c9583114e53d8384af4.jpg,Geranium robertianum,plants,CC-BY-4.0,"Mary E. Macaulay, P.Eng.","Mary E. Macaulay, P.Eng.",5938276707,28eb1a3f-1c15-4a95-931a-4af90ecb574d,https://inaturalist-open-data.s3.amazonaws.com/photos/604490844/original.jpg
/content/drive/MyDrive/terra-gbif-full/images/6f407608a9a865c2dcd9534a5b53dc63e1439ed8841679d2adacf2499d464b0a.jpg,Geum urbanum,plants,CC-BY-4.0,Stanislav Murashkin,Stanislav Murashkin,5938030213,28eb1a3f-1c15-4a95-931a-4af90ecb574d,https://inaturalist-open-data.s3.amazonaws.com/photos/605089750/original.jpg
/content/drive/MyDrive/terra-gbif-full/images/708d1c2d957eafb58dffcc30ebd9e8206fc96004a8c07b796312d8ff018dee75.jpg,Geum urbanum,plants,CC-BY-4.0,Stanislav Murashkin,Stanislav Murashkin,5938030422,28eb1a3f-1c15-4a95-931a-4af90ecb574d,https://inaturalist-open-data.s3.amazonaws.com/photos/604765632/original.jpg
/content/drive/MyDrive/terra-gbif-full/images/0f77d23cfbb5884a9c9bd37478d1004e19f3f94b1211c0e277d66e6d266a28f6.jpg,Geum urbanum,plants,CC-BY-4.0,Bethany Milam,Bethany Milam,5938036418,28eb1a3f-1c15-4a95-931a-4af90ecb574d,https://inaturalist-open-data.s3.amazonaws.com/photos/604614724/original.jpg
/content/drive/MyDrive/terra-gbif-full/images/485d45dd2f09472e01643ce8de117ab47467fa02d1053f213b7b341311280b18.jpg,Geum urbanum,plants,CC-BY-4.0,Bethany Milam,Bethany Milam,5938036418,28eb1a3f-1c15-4a95-931a-4af90ecb574d,https://inaturalist-open-data.s3.amazonaws.com/photos/604614722/original.jpg
/content/drive/MyDrive/terra-gbif-full/images/76878eb1f3a43315ac744ceac234457d90654f11b10a76a3df651249bf6af05c.jpg,Geum urbanum,plants,CC-BY-4.0,"Mary E. Macaulay, P.Eng.","Mary E. Macaulay, P.Eng.",5938037344,28eb1a3f-1c15-4a95-931a-4af90ecb574d,https://inaturalist-open-data.s3.amazonaws.com/photos/605347668/original.jpg
/content/drive/MyDrive/terra-gbif-full/images/336111854acbc52fd3ebc43ae98007a48d05cf9f1a911b1dcb7ce6042d235b0d.jpg,Geum urbanum,plants,CC-BY-4.0,Bethany Milam,Bethany Milam,5938038313,28eb1a3f-1c15-4a95-931a-4af90ecb574d,https://inaturalist-open-data.s3.amazonaws.com/photos/604614788/original.jpg
/content/drive/MyDrive/terra-gbif-full/images/e0e3428707c70938161b80f2499ddd1821a1d71dfc4927b7cffa36c16051095a.jpg,Geum urbanum,plants,CC-BY-4.0,"Mary E. Macaulay, P.Eng.","Mary E. Macaulay, P.Eng.",5938043817,28eb1a3f-1c15-4a95-931a-4af90ecb574d,https://inaturalist-open-data.s3.amazonaws.com/photos/604783888/original.jpg
/content/drive/MyDrive/terra-gbif-full/images/875d067bba9fc32aaa64c983fd59112b13aaa1808d7f00b0a06936ede0c807ce.jpg,Geum urbanum,plants,CC-BY-4.0,"Mary E. Macaulay, P.Eng.","Mary E. Macaulay, P.Eng.",5938058587,28eb1a3f-1c15-4a95-931a-4af90ecb574d,https://inaturalist-open-data.s3.amazonaws.com/photos/605350875/original.jpg
/content/drive/MyDrive/terra-gbif-full/images/a21a0019bc460e69845edd2f0a58ac2d774e77d210996e9fb0f313c5f97c2b05.jpg,Geum urbanum,plants,CC-BY-4.0,guywallbanks,guywallbanks,5938070994,28eb1a3f-1c15-4a95-931a-4af90ecb574d,https://inaturalist-open-data.s3.amazonaws.com/photos/605077368/original.jpg
/content/drive/MyDrive/terra-gbif-full/images/d316f7b26230b405bf2e441888d898bf26ee5ebda81c9260e7986a5ba75040f6.jpg,Geum urbanum,plants,CC-BY-4.0,"Mary E. Macaulay, P.Eng.","Mary E. Macaulay, P.Eng.",5938093081,28eb1a3f-1c15-4a95-931a-4af90ecb574d,https://inaturalist-open-data.s3.amazonaws.com/photos/605639867/original.jpg
/content/drive/MyDrive/terra-gbif-full/images/f36688733d90ff3ba5f656da7868434f6f2448dfaab574ea61aae6de989f5f04.jpg,Geum urbanum,plants,CC0-1.0,Stephen James McWilliam,Stephen James McWilliam,5938100367,28eb1a3f-1c15-4a95-931a-4af90ecb574d,https://inaturalist-open-data.s3.amazonaws.com/photos/604866734/original.jpg
/content/drive/MyDrive/terra-gbif-full/images/bf9dcc36ddcea3632b88ef721504f2b4411a9adb6c99e38df242909cbb5a3aea.jpg,Geum urbanum,plants,CC-BY-4.0,"Mary E. Macaulay, P.Eng.","Mary E. Macaulay, P.Eng.",5938110992,28eb1a3f-1c15-4a95-931a-4af90ecb574d,https://inaturalist-open-data.s3.amazonaws.com/photos/605347213/original.jpg
/content/drive/MyDrive/terra-gbif-full/images/2039474feed5ee98bc5ce38e9b71f5b9f83b987bf667aea5db1000041f57b99d.jpg,Geum urbanum,plants,CC-BY-4.0,"Mary E. Macaulay, P.Eng.","Mary E. Macaulay, P.Eng.",5938165018,28eb1a3f-1c15-4a95-931a-4af90ecb574d,https://inaturalist-open-data.s3.amazonaws.com/photos/605350303/original.jpg
/content/drive/MyDrive/terra-gbif-full/images/303603972003201a1e69e043bddf631432618efcb3bab679f5ccdd9be070c3ea.jpg,Geum urbanum,plants,CC-BY-4.0,"Mary E. Macaulay, P.Eng.","Mary E. Macaulay, P.Eng.",5938185260,28eb1a3f-1c15-4a95-931a-4af90ecb574d,https://inaturalist-open-data.s3.amazonaws.com/photos/605347876/original.jpg
/content/drive/MyDrive/terra-gbif-full/images/d82d922c3adb6b458073f1365e126f3bc0edaf270bbe85ef0c1b8a414936bd56.jpg,Geum urbanum,plants,CC-BY-4.0,"Mary E. Macaulay, P.Eng.","Mary E. Macaulay, P.Eng.",5938187474,28eb1a3f-1c15-4a95-931a-4af90ecb574d,https://inaturalist-open-data.s3.amazonaws.com/photos/605347187/original.jpg
/content/drive/MyDrive/terra-gbif-full/images/95666b7529084554b7d6c6ed339b5769e652d23ad7d9c23a4b5ff64f0ba3fa91.jpg,Geum urbanum,plants,CC-BY-4.0,guywallbanks,guywallbanks,5938189343,28eb1a3f-1c15-4a95-931a-4af90ecb574d,https://inaturalist-open-data.s3.amazonaws.com/photos/605070144/original.jpg
/content/drive/MyDrive/terra-gbif-full/images/b3aed7d6179cf57566b127e1e93c71296116d9fdc40cd1ccb7bfa91282c80498.jpg,Geum urbanum,plants,CC-BY-4.0,Elliot Greiner,Elliot Greiner,5938200785,28eb1a3f-1c15-4a95-931a-4af90ecb574d,https://inaturalist-open-data.s3.amazonaws.com/photos/604800292/original.jpg
/content/drive/MyDrive/terra-gbif-full/images/3c4e3c6cbff13585ac392bb922fcbe4b4d548702a0ca2a0ed56b87be33cbab3e.jpg,Geum urbanum,plants,CC-BY-4.0,"Mary E. Macaulay, P.Eng.","Mary E. Macaulay, P.Eng.",5938210716,28eb1a3f-1c15-4a95-931a-4af90ecb574d,https://inaturalist-open-data.s3.amazonaws.com/photos/605349734/original.jpg
/content/drive/MyDrive/terra-gbif-full/images/72f8fbdce493f9b8cd72b86ec6475f46a7108a4a653f298eb7f348c974614679.jpg,Geum urbanum,plants,CC-BY-4.0,"Mary E. Macaulay, P.Eng.","Mary E. Macaulay, P.Eng.",5938223252,28eb1a3f-1c15-4a95-931a-4af90ecb574d,https://inaturalist-open-data.s3.amazonaws.com/photos/605347798/original.jpg
/content/drive/MyDrive/terra-gbif-full/images/b9893b04408349311be5882dec386c899fff16e3c35bd730f82ef807c1e6d2ea.jpg,Geum urbanum,plants,CC-BY-4.0,"Mary E. Macaulay, P.Eng.","Mary E. Macaulay, P.Eng.",5938229408,28eb1a3f-1c15-4a95-931a-4af90ecb574d,https://inaturalist-open-data.s3.amazonaws.com/photos/605347090/original.jpg
/content/drive/MyDrive/terra-gbif-full/images/712d8eeb7406c71a93dc0c84dc74c498f02c6459e5f239eba56dc6be06f0152d.jpg,Geum urbanum,plants,CC-BY-4.0,"Mary E. Macaulay, P.Eng.","Mary E. Macaulay, P.Eng.",5938256070,28eb1a3f-1c15-4a95-931a-4af90ecb574d,https://inaturalist-open-data.s3.amazonaws.com/photos/605350126/original.jpg
/content/drive/MyDrive/terra-gbif-full/images/ca6efc6f911908f49f4350da7085905010ce8012ef5ca7af584d20e71c446a97.jpg,Geum urbanum,plants,CC-BY-4.0,"Mary E. Macaulay, P.Eng.","Mary E. Macaulay, P.Eng.",5938257056,28eb1a3f-1c15-4a95-931a-4af90ecb574d,https://inaturalist-open-data.s3.amazonaws.com/photos/605350088/original.jpg
/content/drive/MyDrive/terra-gbif-full/images/256a8e33657308fa905ec9adb4c80a421d3f1cbf6b14cf5bd105518200901b97.jpg,Achillea millefolium,plants,CC0-1.0,Dave Miller,Dave Miller,5938102797,28eb1a3f-1c15-4a95-931a-4af90ecb574d,https://inaturalist-open-data.s3.amazonaws.com/photos/604861582/original.jpg
/content/drive/MyDrive/terra-gbif-full/images/ec1e7e96553b238fa001ce9f9cda971c23deb9f885ac9e5e1f4012cb4c9f94bb.jpg,Achillea millefolium,plants,CC0-1.0,Dave Miller,Dave Miller,5938102797,28eb1a3f-1c15-4a95-931a-4af90ecb574d,https://inaturalist-open-data.s3.amazonaws.com/photos/604861617/original.jpg
/content/drive/MyDrive/terra-gbif-full/images/80409b3330eadf2939ef101152b574e48a0604b6ca9d85d9a3460d17e3ecccf2.jpg,Achillea millefolium,plants,CC0-1.0,Richard Fuller,Richard Fuller,5938105953,28eb1a3f-1c15-4a95-931a-4af90ecb574d,https://inaturalist-open-data.s3.amazonaws.com/photos/604809386/original.jpg
/content/drive/MyDrive/terra-gbif-full/images/4aa22ef99e4333ca116d007b3c2e5453d1421003f3ff6df8ca4ae62bfad83115.jpg,Achillea millefolium,plants,CC-BY-4.0,Bethany Milam,Bethany Milam,5938116686,28eb1a3f-1c15-4a95-931a-4af90ecb574d,https://inaturalist-open-data.s3.amazonaws.com/photos/604614071/original.jpg
/content/drive/MyDrive/terra-gbif-full/images/deac4cdb16c246cd18c8124998d19b9e5e9197d74dd13a5be47b3eb5db29d057.jpg,Achillea millefolium,plants,CC-BY-4.0,jamie-aa,jamie-aa,5938118344,28eb1a3f-1c15-4a95-931a-4af90ecb574d,https://inaturalist-open-data.s3.amazonaws.com/photos/604807472/original.jpg
/content/drive/MyDrive/terra-gbif-full/images/37df0e3aad76925f1166c2380ed3524b2ade77ec912ad3fe686de06c30339eae.jpg,Achillea millefolium,plants,CC0-1.0,Richard Fuller,Richard Fuller,5938151190,28eb1a3f-1c15-4a95-931a-4af90ecb574d,https://inaturalist-open-data.s3.amazonaws.com/photos/604808497/original.jpg
/content/drive/MyDrive/terra-gbif-full/images/0883f11c5d7e6c9f51c7390dc18cae3dc460c44e6b5a46d60aeb960a30aaa844.jpg,Achillea millefolium,plants,CC0-1.0,Peter Beresford,Peter Beresford,5938151473,28eb1a3f-1c15-4a95-931a-4af90ecb574d,https://inaturalist-open-data.s3.amazonaws.com/photos/605110923/original.jpg
/content/drive/MyDrive/terra-gbif-full/images/f84d505925ad2c704c0ee62c2d2cc13a10f83b31998105104cc497110cfc865b.jpg,Achillea millefolium,plants,CC0-1.0,Peter Beresford,Peter Beresford,5938151473,28eb1a3f-1c15-4a95-931a-4af90ecb574d,https://inaturalist-open-data.s3.amazonaws.com/photos/605110966/original.jpg
/content/drive/MyDrive/terra-gbif-full/images/91313b91853bd54c48a4323ac7d73af646bb8ec8752e639d51f835507fef4a41.jpg,Achillea millefolium,plants,CC-BY-4.0,Marco Zaccaria Di Fraia,Marco Zaccaria Di Fraia,5938211949,28eb1a3f-1c15-4a95-931a-4af90ecb574d,https://inaturalist-open-data.s3.amazonaws.com/photos/605143222/original.jpg
/content/drive/MyDrive/terra-gbif-full/images/a595596fc74418cc512d00d4a5aeab21679f6bdfe990d2b0c2c93ddaec6a29df.jpg,Achillea millefolium,plants,CC-BY-4.0,Marco Zaccaria Di Fraia,Marco Zaccaria Di Fraia,5938211949,28eb1a3f-1c15-4a95-931a-4af90ecb574d,https://inaturalist-open-data.s3.amazonaws.com/photos/605143258/original.jpg
/content/drive/MyDrive/terra-gbif-full/images/aa368726aaeac27fd6761ddc16bd3bd77010304c29e20c32157f7a304461baa3.jpg,Achillea millefolium,plants,CC-BY-4.0,bogsuckers,bogsuckers,5938222748,28eb1a3f-1c15-4a95-931a-4af90ecb574d,https://inaturalist-open-data.s3.amazonaws.com/photos/605208363/original.jpg
/content/drive/MyDrive/terra-gbif-full/images/3e68909e1af0093a1ba18c6c83de97336817229f36ca6741330f3d398afac8d0.jpg,Achillea millefolium,plants,CC-BY-4.0,"Mary E. Macaulay, P.Eng.","Mary E. Macaulay, P.Eng.",5938223059,28eb1a3f-1c15-4a95-931a-4af90ecb574d,https://inaturalist-open-data.s3.amazonaws.com/photos/605641441/original.jpg
/content/drive/MyDrive/terra-gbif-full/images/263a3799e599debe9c9e7cff1fc2cc02e8bb4845cbd1ee08bb648ee46c691cca.jpg,Achillea millefolium,plants,CC-BY-4.0,Rajan Rao,Rajan Rao,5938229334,28eb1a3f-1c15-4a95-931a-4af90ecb574d,https://inaturalist-open-data.s3.amazonaws.com/photos/605238611/original.jpg
/content/drive/MyDrive/terra-gbif-full/images/ea07f3688eb6fe26a2e43ea291b7bc1da2369a71ce8469a53543b7e2ca1fc431.jpg,Achillea millefolium,plants,CC-BY-4.0,Stuart Cable,Stuart Cable,5938239878,28eb1a3f-1c15-4a95-931a-4af90ecb574d,https://inaturalist-open-data.s3.amazonaws.com/photos/604489375/original.jpg
/content/drive/MyDrive/terra-gbif-full/images/d3265ed250d1e36e58bae0a1bd148693e9c14e1fe108d2df4858ed69e202d032.jpg,Achillea millefolium,plants,CC-BY-4.0,Stuart Cable,Stuart Cable,5938239878,28eb1a3f-1c15-4a95-931a-4af90ecb574d,https://inaturalist-open-data.s3.amazonaws.com/photos/604489398/original.jpg
/content/drive/MyDrive/terra-gbif-full/images/6a30bd7d2cea6432c08fe1a3c28d426cda668efe325c9fa10df372ee10b07640.jpg,Achillea millefolium,plants,CC-BY-4.0,Stuart Cable,Stuart Cable,5938239878,28eb1a3f-1c15-4a95-931a-4af90ecb574d,https://inaturalist-open-data.s3.amazonaws.com/photos/604489415/original.jpg
/content/drive/MyDrive/terra-gbif-full/images/d4230d43b78e511b1b287e368d2a18cea91175823373fba5a05bb2a72d37138a.jpg,Achillea millefolium,plants,CC-BY-4.0,"Mary E. Macaulay, P.Eng.","Mary E. Macaulay, P.Eng.",5938241258,28eb1a3f-1c15-4a95-931a-4af90ecb574d,https://inaturalist-open-data.s3.amazonaws.com/photos/604491470/original.jpg
/content/drive/MyDrive/terra-gbif-full/images/40183aa5ef021813b22810cfe9e3bc3feaa628315898d0ac8805fc0a126cc8ee.jpg,Achillea millefolium,plants,CC-BY-4.0,Bethany Milam,Bethany Milam,5938241475,28eb1a3f-1c15-4a95-931a-4af90ecb574d,https://inaturalist-open-data.s3.amazonaws.com/photos/604613399/original.jpg
/content/drive/MyDrive/terra-gbif-full/images/12c24c81ab2e2abbb401c8fce667d7abddce96e33b7b3637b42222c059e4ae4c.jpg,Achillea millefolium,plants,CC-BY-4.0,"Mary E. Macaulay, P.Eng.","Mary E. Macaulay, P.Eng.",5938258343,28eb1a3f-1c15-4a95-931a-4af90ecb574d,https://inaturalist-open-data.s3.amazonaws.com/photos/605641520/original.jpg
/content/drive/MyDrive/terra-gbif-full/images/094751cd21f8e50571db748b587b6aee3e6f762168dd9a74663bc8a1e475501e.jpg,Achillea millefolium,plants,CC-BY-4.0,Jerry Lanfear,Jerry Lanfear,5938272809,28eb1a3f-1c15-4a95-931a-4af90ecb574d,https://inaturalist-open-data.s3.amazonaws.com/photos/604525777/original.jpg
/content/drive/MyDrive/terra-gbif-full/images/a7ca52b4cc2e982cbd309b07d547b8fed4281d086619c81180a443fe4731b76e.jpg,Celastrus orbiculatus,plants,CC-BY-4.0,betsyyyy,betsyyyy,5938075988,28eb1a3f-1c15-4a95-931a-4af90ecb574d,https://inaturalist-open-data.s3.amazonaws.com/photos/604877002/original.jpg
/content/drive/MyDrive/terra-gbif-full/images/d84d971418c4f7a4acb23a9fc725ee018b603a42719b3c70a36e7e97c4836c12.jpg,Celastrus orbiculatus,plants,CC-BY-4.0,betsyyyy,betsyyyy,5938075988,28eb1a3f-1c15-4a95-931a-4af90ecb574d,https://inaturalist-open-data.s3.amazonaws.com/photos/604876996/original.jpg
/content/drive/MyDrive/terra-gbif-full/images/29909147a51ddfe1638e292e267942aae3ea6108e3f2233a7b086a82f6d2a8ff.jpg,Celastrus orbiculatus,plants,CC-BY-4.0,betsyyyy,betsyyyy,5938075988,28eb1a3f-1c15-4a95-931a-4af90ecb574d,https://inaturalist-open-data.s3.amazonaws.com/photos/604877000/original.jpg
/content/drive/MyDrive/terra-gbif-full/images/0b664eeaa29160b9f74004ef5701e3103f8f0686835426aecd62911445410cad.jpg,Celastrus orbiculatus,plants,CC-BY-4.0,betsyyyy,betsyyyy,5938075988,28eb1a3f-1c15-4a95-931a-4af90ecb574d,https://inaturalist-open-data.s3.amazonaws.com/photos/604877003/original.jpg
/content/drive/MyDrive/terra-gbif-full/images/88c5c2d39a10f518cd3c7c28791b522c55f25ad64954a1c4e0c11420f0896e6f.jpg,Celastrus orbiculatus,plants,CC-BY-4.0,betsyyyy,betsyyyy,5938078393,28eb1a3f-1c15-4a95-931a-4af90ecb574d,https://inaturalist-open-data.s3.amazonaws.com/photos/604877027/original.jpg
/content/drive/MyDrive/terra-gbif-full/images/0de50a3ab3541ebb08d71c492ef1910b2839edfec2992f0c024b9e8c1e373179.jpg,Celastrus orbiculatus,plants,CC-BY-4.0,betsyyyy,betsyyyy,5938078393,28eb1a3f-1c15-4a95-931a-4af90ecb574d,https://inaturalist-open-data.s3.amazonaws.com/photos/604877030/original.jpg
/content/drive/MyDrive/terra-gbif-full/images/27cc0895fc84a6040294adecbf0efea5a338ef643a1c3c2fc7aaab0c092cc309.jpg,Celastrus orbiculatus,plants,CC-BY-4.0,eml23,eml23,5938118246,28eb1a3f-1c15-4a95-931a-4af90ecb574d,https://inaturalist-open-data.s3.amazonaws.com/photos/605129047/original.jpg
/content/drive/MyDrive/terra-gbif-full/images/f3ddbca938e7e9131e1a696f16fbcb351b2e8b7512d4b9bf99ddefab59a81581.jpg,Celastrus orbiculatus,plants,CC-BY-4.0,eml23,eml23,5938118246,28eb1a3f-1c15-4a95-931a-4af90ecb574d,https://inaturalist-open-data.s3.amazonaws.com/photos/605129057/original.jpg
/content/drive/MyDrive/terra-gbif-full/images/a32fec544dca652419484bb7f4990277f00da359e10cbd33ec1c5cf4623b299b.jpg,Celastrus orbiculatus,plants,CC-BY-4.0,betsyyyy,betsyyyy,5938147466,28eb1a3f-1c15-4a95-931a-4af90ecb574d,https://inaturalist-open-data.s3.amazonaws.com/photos/604801842/original.jpg
/content/drive/MyDrive/terra-gbif-full/images/f4587096c6b2e5155f618c4e0e703cdff76df77c6393de9173e0101837763e34.jpg,Celastrus orbiculatus,plants,CC-BY-4.0,betsyyyy,betsyyyy,5938147466,28eb1a3f-1c15-4a95-931a-4af90ecb574d,https://inaturalist-open-data.s3.amazonaws.com/photos/604801764/original.jpg
/content/drive/MyDrive/terra-gbif-full/images/f688648ec38583f0d856fa5236d690bcc6ac42894466d8ab3f7d0f2e45579a9f.jpg,Celastrus orbiculatus,plants,CC-BY-4.0,eml23,eml23,5938172594,28eb1a3f-1c15-4a95-931a-4af90ecb574d,https://inaturalist-open-data.s3.amazonaws.com/photos/605110397/original.jpg
/content/drive/MyDrive/terra-gbif-full/images/876efff2e8c65d4d0bb12e40526701591e40d0e52d4f4f22b17440c0fee2dc78.jpg,Celastrus orbiculatus,plants,CC-BY-4.0,eml23,eml23,5938172594,28eb1a3f-1c15-4a95-931a-4af90ecb574d,https://inaturalist-open-data.s3.amazonaws.com/photos/605110402/original.jpg
/content/drive/MyDrive/terra-gbif-full/images/db00f58148b54076b1e5f7d3332f0846423f07b7790a6f12d5dc3434ec4e004d.jpg,Celastrus orbiculatus,plants,CC-BY-4.0,betsyyyy,betsyyyy,5938208267,28eb1a3f-1c15-4a95-931a-4af90ecb574d,https://inaturalist-open-data.s3.amazonaws.com/photos/604877071/original.jpg
/content/drive/MyDrive/terra-gbif-full/images/b61a2cefdc0ca384f3b868af518256795a91025c04b7f53dc3e21dfa11d20163.jpg,Celastrus orbiculatus,plants,CC-BY-4.0,betsyyyy,betsyyyy,5938208267,28eb1a3f-1c15-4a95-931a-4af90ecb574d,https://inaturalist-open-data.s3.amazonaws.com/photos/604877078/original.jpg
/content/drive/MyDrive/terra-gbif-full/images/b55c15b7923009750a042043b74cb768724608fa3710bb4a8a0857081cce68f8.jpg,Celastrus orbiculatus,plants,CC-BY-4.0,betsyyyy,betsyyyy,5938208267,28eb1a3f-1c15-4a95-931a-4af90ecb574d,https://inaturalist-open-data.s3.amazonaws.com/photos/604877073/original.jpg
/content/drive/MyDrive/terra-gbif-full/images/abb9099f90ad948f6c2c379b6740eb9cdfcc3f89d15d3a8a32e714ecf1abf3a6.jpg,Celastrus orbiculatus,plants,CC-BY-4.0,betsyyyy,betsyyyy,5938208267,28eb1a3f-1c15-4a95-931a-4af90ecb574d,https://inaturalist-open-data.s3.amazonaws.com/photos/604877081/original.jpg
/content/drive/MyDrive/terra-gbif-full/images/02c07f615ea7464c8ad5e9c09c9b90484101ad4bdb4dfcc3d99210001f732fc9.jpg,Celastrus orbiculatus,plants,CC-BY-4.0,betsyyyy,betsyyyy,5938208267,28eb1a3f-1c15-4a95-931a-4af90ecb574d,https://inaturalist-open-data.s3.amazonaws.com/photos/604877080/original.jpg
/content/drive/MyDrive/terra-gbif-full/images/cc7f2b7e42938e36713e501a922a6a8fc10704dcd7b5b50e8bd55b9c35dbbdc1.jpg,Celastrus orbiculatus,plants,CC-BY-4.0,Michael Faw,Michael Faw,5938233073,28eb1a3f-1c15-4a95-931a-4af90ecb574d,https://inaturalist-open-data.s3.amazonaws.com/photos/604489631/original.jpg
/content/drive/MyDrive/terra-gbif-full/images/21cc149331d7e094585b0711805de79f2f51ce1dcd0c92da92c1305f0ee70aff.jpg,Celastrus orbiculatus,plants,CC-BY-4.0,betsyyyy,betsyyyy,5938260622,28eb1a3f-1c15-4a95-931a-4af90ecb574d,https://inaturalist-open-data.s3.amazonaws.com/photos/604876784/original.jpg
/content/drive/MyDrive/terra-gbif-full/images/71d8c66ad4118cd819a428cfd6f45fe92676c34dd1c5325d21996501fa1558bc.jpg,Celastrus orbiculatus,plants,CC-BY-4.0,betsyyyy,betsyyyy,5938260622,28eb1a3f-1c15-4a95-931a-4af90ecb574d,https://inaturalist-open-data.s3.amazonaws.com/photos/604876782/original.jpg
